./data/CommonVoice2_dataset/clips/common_voice_en_18890550.mp3,"it has a semi-prehensile tail, needle sharp teeth and a long snout."
./data/CommonVoice2_dataset/clips/common_voice_en_17304420.mp3,was it a good idea?
./data/CommonVoice2_dataset/clips/common_voice_en_17304421.mp3,does that imply i can no longer play badminton?
./data/CommonVoice2_dataset/clips/common_voice_en_17304422.mp3,"ladies and gentlemen, this is your captain speaking."
./data/CommonVoice2_dataset/clips/common_voice_en_17428245.mp3,"the more you read, the better you will be understood."
./data/CommonVoice2_dataset/clips/common_voice_en_17428246.mp3,"living alone, she made solitude her best friend."
./data/CommonVoice2_dataset/clips/common_voice_en_17428249.mp3,"the island is covered by a thick, billowing white fog."
./data/CommonVoice2_dataset/clips/common_voice_en_18828786.mp3,"the rationals are dense in ""k"" with respect to both sup and inf."
./data/CommonVoice2_dataset/clips/common_voice_en_18828787.mp3,"he did further study at vienna, london and paris."
./data/CommonVoice2_dataset/clips/common_voice_en_18828788.mp3,it is listed as vulnerable in new south wales.
./data/CommonVoice2_dataset/clips/common_voice_en_18828789.mp3,"the term rayah came to denote an underprivileged, tax-ridden and socially inferior population."
./data/CommonVoice2_dataset/clips/common_voice_en_18828790.mp3,"there is an extension campus in cheonan, a city in south chungcheong province."
./data/CommonVoice2_dataset/clips/common_voice_en_169371.mp3,"looking through the telescope, i saw a circle of deep blue and the little round planet."
./data/CommonVoice2_dataset/clips/common_voice_en_169372.mp3,"for at that time, it had not occurred to him that it might be hollow."
./data/CommonVoice2_dataset/clips/common_voice_en_169374.mp3,replace the ts in tim tebow's name with any other consonant to get a star wars character
./data/CommonVoice2_dataset/clips/common_voice_en_169376.mp3,"i remember how i sat on the table there in the blackness, with patches of green and crimson swimming before my eyes."
./data/CommonVoice2_dataset/clips/common_voice_en_169377.mp3,most meteorites are more or less rounded.
./data/CommonVoice2_dataset/clips/common_voice_en_169378.mp3,now i will drift gently off to dreamland.
./data/CommonVoice2_dataset/clips/common_voice_en_169379.mp3,it was only when i got this close to it that the strangeness of it was at all evident to me.
./data/CommonVoice2_dataset/clips/common_voice_en_169380.mp3,"my wife pointed out to me the brightness of the red, green, and yellow signal lights."
./data/CommonVoice2_dataset/clips/common_voice_en_17890165.mp3,"after the last patient left, the doctor carefully washed her hands."
./data/CommonVoice2_dataset/clips/common_voice_en_17890166.mp3,"i told you homeboy, smuggling is being prosecuted."
./data/CommonVoice2_dataset/clips/common_voice_en_17890167.mp3,"before we begin with the actual baptism, let's renew our creed."
./data/CommonVoice2_dataset/clips/common_voice_en_17890169.mp3,"i want my garden to be filled with roses, petunias and passion flowers."
./data/CommonVoice2_dataset/clips/common_voice_en_17890181.mp3,what did he do?
./data/CommonVoice2_dataset/clips/common_voice_en_17890182.mp3,"if i knew it, i would have told you."
./data/CommonVoice2_dataset/clips/common_voice_en_17890183.mp3,"many teens make videos these days, inspired by their role models."
./data/CommonVoice2_dataset/clips/common_voice_en_17890184.mp3,"to be fully funded, some lending must occur."
./data/CommonVoice2_dataset/clips/common_voice_en_13525.mp3,a large portion of the cylinder had been uncovered.
./data/CommonVoice2_dataset/clips/common_voice_en_13526.mp3,"i thought about whether we should find coins and models in it, and so on."
./data/CommonVoice2_dataset/clips/common_voice_en_13527.mp3,"i pointed out mars, a bright dot of light."
./data/CommonVoice2_dataset/clips/common_voice_en_13528.mp3,i was disappointed at this inanimate bulk.
./data/CommonVoice2_dataset/clips/common_voice_en_13529.mp3,ogilvy told him everything that he had seen.
./data/CommonVoice2_dataset/clips/common_voice_en_13530.mp3,"as i watched, the planet seemed to grow larger and smaller."
./data/CommonVoice2_dataset/clips/common_voice_en_13531.mp3,then came the night of the first falling star.
./data/CommonVoice2_dataset/clips/common_voice_en_13532.mp3,even then he hardly understood what this meant.
./data/CommonVoice2_dataset/clips/common_voice_en_13533.mp3,and then he perceived it very slowly.
./data/CommonVoice2_dataset/clips/common_voice_en_18844115.mp3,christ is my all and the driver of my life.
./data/CommonVoice2_dataset/clips/common_voice_en_18844116.mp3,"the name brumstead is believed to derive from the ""place of broom""."
./data/CommonVoice2_dataset/clips/common_voice_en_18844117.mp3,streeton raised rs.
./data/CommonVoice2_dataset/clips/common_voice_en_18844118.mp3,the infrared aiming sensor is cooled with liquid nitrogen.
./data/CommonVoice2_dataset/clips/common_voice_en_18844119.mp3,the rebuilding of the bridge helped the local economy in the ister-granum euroregion.
./data/CommonVoice2_dataset/clips/common_voice_en_18844125.mp3,the following month packer unexpectedly resigned from the board.
./data/CommonVoice2_dataset/clips/common_voice_en_18844126.mp3,he was especially interested in vestibular function and disorders associated with the vestibular system.
./data/CommonVoice2_dataset/clips/common_voice_en_18844127.mp3,a committee was put in place to guarantee respect of the rules and fairplay.
./data/CommonVoice2_dataset/clips/common_voice_en_18844128.mp3,harlan did not embrace the idea of full social racial equality.
./data/CommonVoice2_dataset/clips/common_voice_en_18844129.mp3,ridership was much lower than projected.
./data/CommonVoice2_dataset/clips/common_voice_en_17808346.mp3,"it could have been steel, silver or platinum."
./data/CommonVoice2_dataset/clips/common_voice_en_17808347.mp3,the future has never been so bright than today.
./data/CommonVoice2_dataset/clips/common_voice_en_17808348.mp3,"yeah, i like that."
./data/CommonVoice2_dataset/clips/common_voice_en_17808349.mp3,he broke his ties with groups of former friends.
./data/CommonVoice2_dataset/clips/common_voice_en_17808350.mp3,never do it again.
./data/CommonVoice2_dataset/clips/common_voice_en_17808359.mp3,many hands make light work.
./data/CommonVoice2_dataset/clips/common_voice_en_17808360.mp3,an old fox need learn no craft.
./data/CommonVoice2_dataset/clips/common_voice_en_17808361.mp3,"if anything can go wrong, it will."
./data/CommonVoice2_dataset/clips/common_voice_en_17808362.mp3,men strive but seldom get rich.
./data/CommonVoice2_dataset/clips/common_voice_en_17808363.mp3,"immediately after the robbers left the bank, the police were informed."
./data/CommonVoice2_dataset/clips/common_voice_en_636885.mp3,"""thank you,"" said the boy."
./data/CommonVoice2_dataset/clips/common_voice_en_636886.mp3,"""i'd like to build a display case for the crystal,"" the boy said to the merchant."
./data/CommonVoice2_dataset/clips/common_voice_en_636887.mp3,i found a little crowd of about twenty people surrounding the huge hole.
./data/CommonVoice2_dataset/clips/common_voice_en_636888.mp3,they tell their incredible stories at the time when you want to hear them.
./data/CommonVoice2_dataset/clips/common_voice_en_636889.mp3,the boy laughed -- out of happiness.
./data/CommonVoice2_dataset/clips/common_voice_en_636890.mp3,it's not i the wind spoke about.
./data/CommonVoice2_dataset/clips/common_voice_en_636891.mp3,but he kept the sword in his hand.
./data/CommonVoice2_dataset/clips/common_voice_en_636892.mp3,it was a tent like many at the oasis.
./data/CommonVoice2_dataset/clips/common_voice_en_636893.mp3,"the other son was a poet, and delighted all of rome with his beautiful verses."
./data/CommonVoice2_dataset/clips/common_voice_en_636894.mp3,what good is money to you if you're going to die?
./data/CommonVoice2_dataset/clips/common_voice_en_636895.mp3,the only shadow was that of the few scattered pine trees.
./data/CommonVoice2_dataset/clips/common_voice_en_636896.mp3,"well, then, we've got a problem."
./data/CommonVoice2_dataset/clips/common_voice_en_636897.mp3,it looked like a rusty gas float.
./data/CommonVoice2_dataset/clips/common_voice_en_18792705.mp3,"this refers to a pool of water, which points at the nearby peat-bog."
./data/CommonVoice2_dataset/clips/common_voice_en_18792706.mp3,ichiro himself soon arrives on a different boat.
./data/CommonVoice2_dataset/clips/common_voice_en_18792707.mp3,the westwood one name was initially retained for most sports programming.
./data/CommonVoice2_dataset/clips/common_voice_en_18792708.mp3,references to domestic religious practice often pair the lares together with the penates.
./data/CommonVoice2_dataset/clips/common_voice_en_18792709.mp3,"let's be honest, good defenders would catch him offside every time."
./data/CommonVoice2_dataset/clips/common_voice_en_18792710.mp3,"vattel also published works other than his ""magnum opus""."
./data/CommonVoice2_dataset/clips/common_voice_en_18792711.mp3,there is a tangled web of symmetries and relationships in the above table.
./data/CommonVoice2_dataset/clips/common_voice_en_18792712.mp3,"these, along with the sahtaneh and muskwa rivers constitute the major tributaries."
./data/CommonVoice2_dataset/clips/common_voice_en_18792718.mp3,"swedavia, the swedish airport management company, has its head office on the airport property."
./data/CommonVoice2_dataset/clips/common_voice_en_18792719.mp3,these men became known as 'vaughan's doves'.
./data/CommonVoice2_dataset/clips/common_voice_en_18792720.mp3,"lastly, a united states court was established for the northwest territory."
./data/CommonVoice2_dataset/clips/common_voice_en_18792721.mp3,"he was born in milford, delaware."
./data/CommonVoice2_dataset/clips/common_voice_en_18792722.mp3,"ay was born the daughter of german immigrants in ephrata, pennsylvania."
./data/CommonVoice2_dataset/clips/common_voice_en_18893803.mp3,"in practice, however, most total communication programs use some form of simultaneous communication."
./data/CommonVoice2_dataset/clips/common_voice_en_18893804.mp3,the township of gretna was established to house the workers of this establishment.
./data/CommonVoice2_dataset/clips/common_voice_en_18893805.mp3,the broken section was recovered by museum staff.
./data/CommonVoice2_dataset/clips/common_voice_en_18893806.mp3,"due to their alliegance to the losing side, the howard family's titles became forfeit."
./data/CommonVoice2_dataset/clips/common_voice_en_18893807.mp3,crimes committed east of the curzon line could not be prosecuted by polish courts.
./data/CommonVoice2_dataset/clips/common_voice_en_18893814.mp3,"for connections and distances, see the route diagram."
./data/CommonVoice2_dataset/clips/common_voice_en_18893815.mp3,further education courses in sport and tourism are also taught there.
./data/CommonVoice2_dataset/clips/common_voice_en_18893816.mp3,the entercom-owned station broadcasts a sports radio format.
./data/CommonVoice2_dataset/clips/common_voice_en_18893817.mp3,the identity of the specimen is being kept secret by harlan.
./data/CommonVoice2_dataset/clips/common_voice_en_18923782.mp3,there are two retreat-houses close to the abbey.
./data/CommonVoice2_dataset/clips/common_voice_en_18923784.mp3,"by july and august, the north-central states become the most favorable."
./data/CommonVoice2_dataset/clips/common_voice_en_18923785.mp3,the couple also spent significant amounts of time in geneva and paris.
./data/CommonVoice2_dataset/clips/common_voice_en_18923786.mp3,some software also has other requirements for proper performance.
./data/CommonVoice2_dataset/clips/common_voice_en_556729.mp3,"it was, however, still so hot from its flight through the air."
./data/CommonVoice2_dataset/clips/common_voice_en_556730.mp3,"he did find it, soon after dawn, and not far from the sand pits."
./data/CommonVoice2_dataset/clips/common_voice_en_556731.mp3,then suddenly he noticed it with a start.
./data/CommonVoice2_dataset/clips/common_voice_en_556732.mp3,"if you start your emails with ""greetings"" let me be the first to welcome you to earth."
./data/CommonVoice2_dataset/clips/common_voice_en_556736.mp3,and the sand and gravel had been flung violently in every direction.
./data/CommonVoice2_dataset/clips/common_voice_en_556738.mp3,the first rule of don't fight club is let's talk about it.
./data/CommonVoice2_dataset/clips/common_voice_en_556739.mp3,most meteorites are more or less rounded.
./data/CommonVoice2_dataset/clips/common_voice_en_556740.mp3,i heard a peculiar humming sound from the pit.
./data/CommonVoice2_dataset/clips/common_voice_en_556743.mp3,the crowd swayed a little as i elbowed my way through.
./data/CommonVoice2_dataset/clips/common_voice_en_556744.mp3,the top of the cylinder was rotating on its body.
./data/CommonVoice2_dataset/clips/common_voice_en_556745.mp3,but that was simply because my eye was tired.
./data/CommonVoice2_dataset/clips/common_voice_en_556746.mp3,i was impatient to see it opened.
./data/CommonVoice2_dataset/clips/common_voice_en_556747.mp3,the time must have been somewhere around six o'clock.
./data/CommonVoice2_dataset/clips/common_voice_en_556749.mp3,hundreds of observers saw the flame that night and the night after.
./data/CommonVoice2_dataset/clips/common_voice_en_52187.mp3,"of course, the two were unable to do anything."
./data/CommonVoice2_dataset/clips/common_voice_en_52188.mp3,dense clouds of smoke or dust can be seen through a powerful telescope.
./data/CommonVoice2_dataset/clips/common_voice_en_52189.mp3,"sadly, my dream of becoming a squirrel whisperer may never happen."
./data/CommonVoice2_dataset/clips/common_voice_en_52190.mp3,"i thought about whether we should find coins and models in it, and so on."
./data/CommonVoice2_dataset/clips/common_voice_en_52191.mp3,it left a greenish streak that glowed for some seconds.
./data/CommonVoice2_dataset/clips/common_voice_en_52192.mp3,replace the ts in tim tebow's name with any other consonant to get a star wars character
./data/CommonVoice2_dataset/clips/common_voice_en_52193.mp3,it was such a gradual movement that he found it only by noticing the dots.
./data/CommonVoice2_dataset/clips/common_voice_en_52194.mp3,"at the first glance, it was really not very exciting."
./data/CommonVoice2_dataset/clips/common_voice_en_52196.mp3,the greatest authority on meteorites stated that the height of its first appearance was about ninety or one hundred miles.
./data/CommonVoice2_dataset/clips/common_voice_en_52197.mp3,even then he hardly understood what this meant.
./data/CommonVoice2_dataset/clips/common_voice_en_52198.mp3,they had gone away to breakfast at henderson's house.
./data/CommonVoice2_dataset/clips/common_voice_en_52199.mp3,"at once, he connected the two incidents."
./data/CommonVoice2_dataset/clips/common_voice_en_52200.mp3,no one seemed to have thought about it that night.
./data/CommonVoice2_dataset/clips/common_voice_en_52201.mp3,"i need you to be spontaneous. he asked me out to ""din din."""
./data/CommonVoice2_dataset/clips/common_voice_en_13714923.mp3,i cannot believe it.
./data/CommonVoice2_dataset/clips/common_voice_en_13714924.mp3,"there's many a slip, twixt cup and the lip."
./data/CommonVoice2_dataset/clips/common_voice_en_13714925.mp3,my keyboard is filled with dust.
./data/CommonVoice2_dataset/clips/common_voice_en_13714926.mp3,she retracted her statement.
./data/CommonVoice2_dataset/clips/common_voice_en_13714927.mp3,and so it proved.
./data/CommonVoice2_dataset/clips/common_voice_en_13714928.mp3,slide the tray across the glass top.
./data/CommonVoice2_dataset/clips/common_voice_en_13714930.mp3,"if anything can go wrong, it will."
./data/CommonVoice2_dataset/clips/common_voice_en_13714931.mp3,male animals secrete pheromones that attract females.
./data/CommonVoice2_dataset/clips/common_voice_en_13714932.mp3,fabian does not like pepper.
./data/CommonVoice2_dataset/clips/common_voice_en_13714934.mp3,we find joy in the simplest things.
./data/CommonVoice2_dataset/clips/common_voice_en_13714935.mp3,"darling, i have a gift for you."
./data/CommonVoice2_dataset/clips/common_voice_en_13714936.mp3,it's an ill wind that blows no-one some good.
./data/CommonVoice2_dataset/clips/common_voice_en_13714937.mp3,the problem is that there is no problem when there should have been one.
./data/CommonVoice2_dataset/clips/common_voice_en_13714939.mp3,i wonder what he wants?
./data/CommonVoice2_dataset/clips/common_voice_en_13714940.mp3,tenderly tenor
./data/CommonVoice2_dataset/clips/common_voice_en_13714941.mp3,a bowl of rice is free with chicken stew.
./data/CommonVoice2_dataset/clips/common_voice_en_13714942.mp3,pack the kits and don't forget the salt.
./data/CommonVoice2_dataset/clips/common_voice_en_13714943.mp3,"if you release the clutch too quickly, the engine will stall."
./data/CommonVoice2_dataset/clips/common_voice_en_107210.mp3,"""i'll be back,"" the boy said."
./data/CommonVoice2_dataset/clips/common_voice_en_107211.mp3,but he had to move on.
./data/CommonVoice2_dataset/clips/common_voice_en_107212.mp3,the boy was sad as he left her that day.
./data/CommonVoice2_dataset/clips/common_voice_en_107213.mp3,but they don't count.
./data/CommonVoice2_dataset/clips/common_voice_en_107214.mp3,i've heard her speak of you.
./data/CommonVoice2_dataset/clips/common_voice_en_107215.mp3,because you will never again be able to keep it quiet.
./data/CommonVoice2_dataset/clips/common_voice_en_107216.mp3,"they never have to make any decisions, he thought."
./data/CommonVoice2_dataset/clips/common_voice_en_107217.mp3,i heard a faint movement under my feet.
./data/CommonVoice2_dataset/clips/common_voice_en_107218.mp3,"""you must always know what it is that you want,"" the old king had said."
./data/CommonVoice2_dataset/clips/common_voice_en_107220.mp3,i'm afraid it is important.
./data/CommonVoice2_dataset/clips/common_voice_en_107221.mp3,"hundreds must have seen it, and taken it for a falling star."
./data/CommonVoice2_dataset/clips/common_voice_en_107222.mp3,"the boy smiled, and continued digging."
./data/CommonVoice2_dataset/clips/common_voice_en_107224.mp3,i'll have ned write it up.
./data/CommonVoice2_dataset/clips/common_voice_en_107225.mp3,he appeared with the first stars of evening.
./data/CommonVoice2_dataset/clips/common_voice_en_107226.mp3,it was such a gradual movement that he found it only by noticing the dots.
./data/CommonVoice2_dataset/clips/common_voice_en_107228.mp3,i told him we could teach her to ignore people who waste her time.
./data/CommonVoice2_dataset/clips/common_voice_en_107229.mp3,"drawing from my own experience as a learner of english and german, i value engaging activities that involve everyday conversation."
./data/CommonVoice2_dataset/clips/common_voice_en_107230.mp3,"and seizing the boy's bag, the alchemist gave the gold coins to the chief."
./data/CommonVoice2_dataset/clips/common_voice_en_107231.mp3,"when he's an old man, he's going to spend a month in africa."
./data/CommonVoice2_dataset/clips/common_voice_en_107232.mp3,and ask for a glass of wine for me.
./data/CommonVoice2_dataset/clips/common_voice_en_107233.mp3,she felt like a weakling in comparison to her newborn daughter.
./data/CommonVoice2_dataset/clips/common_voice_en_107234.mp3,"when i'm eating, that's all i think about."
./data/CommonVoice2_dataset/clips/common_voice_en_107235.mp3,i can explain if you'll just listen.
./data/CommonVoice2_dataset/clips/common_voice_en_107236.mp3,"the old man opened his cape, and the boy was struck by what he saw."
./data/CommonVoice2_dataset/clips/common_voice_en_107237.mp3,the boy thought about the crystal merchant.
./data/CommonVoice2_dataset/clips/common_voice_en_107238.mp3,you have been a real blessing to me.
./data/CommonVoice2_dataset/clips/common_voice_en_598975.mp3,my review of the sun: one star.
./data/CommonVoice2_dataset/clips/common_voice_en_598976.mp3,it was dropping off in flakes and raining down on the sand.
./data/CommonVoice2_dataset/clips/common_voice_en_598977.mp3,"of course, the two were unable to do anything."
./data/CommonVoice2_dataset/clips/common_voice_en_598979.mp3,the newspaper articles had prepared everyone for the reception of the idea.
./data/CommonVoice2_dataset/clips/common_voice_en_598980.mp3,we lit the lantern and walked over to his house.
./data/CommonVoice2_dataset/clips/common_voice_en_598981.mp3,"i thought about whether we should find coins and models in it, and so on."
./data/CommonVoice2_dataset/clips/common_voice_en_598982.mp3,all that time the martians must have been getting ready.
./data/CommonVoice2_dataset/clips/common_voice_en_598983.mp3,he was immensely excited at the news.
./data/CommonVoice2_dataset/clips/common_voice_en_598984.mp3,"hundreds must have seen it, and taken it for a falling star."
./data/CommonVoice2_dataset/clips/common_voice_en_598985.mp3,you wanna take this outside?
./data/CommonVoice2_dataset/clips/common_voice_en_598986.mp3,you can't believe it's not butter?
./data/CommonVoice2_dataset/clips/common_voice_en_598987.mp3,it left a greenish streak that glowed for some seconds.
./data/CommonVoice2_dataset/clips/common_voice_en_598988.mp3,"that night, there was another jetting out of gas from the distant planet."
./data/CommonVoice2_dataset/clips/common_voice_en_598989.mp3,replace the ts in tim tebow's name with any other consonant to get a star wars character
./data/CommonVoice2_dataset/clips/common_voice_en_598990.mp3,"as soon as he saw me among the crowd, he called to me to come down."
./data/CommonVoice2_dataset/clips/common_voice_en_598991.mp3,ogilvy told him everything that he had seen.
./data/CommonVoice2_dataset/clips/common_voice_en_598992.mp3,"i remember how i sat on the table there in the blackness, with patches of green and crimson swimming before my eyes."
./data/CommonVoice2_dataset/clips/common_voice_en_598993.mp3,"as i watched, the planet seemed to grow larger and smaller."
./data/CommonVoice2_dataset/clips/common_voice_en_598994.mp3,you point to a trail of ants leading into the house.
./data/CommonVoice2_dataset/clips/common_voice_en_598995.mp3,the guy thought he was a lunatic at large and made an unsuccessful attempt to stop him.
./data/CommonVoice2_dataset/clips/common_voice_en_598996.mp3,the only shadow was that of the few scattered pine trees.
./data/CommonVoice2_dataset/clips/common_voice_en_598997.mp3,the burning fire had been extinguished.
./data/CommonVoice2_dataset/clips/common_voice_en_598998.mp3,it was only when i got this close to it that the strangeness of it was at all evident to me.
./data/CommonVoice2_dataset/clips/common_voice_en_598999.mp3,henderson was taking it in.
./data/CommonVoice2_dataset/clips/common_voice_en_599000.mp3,an huge hole had been made by the impact of the projectile.
./data/CommonVoice2_dataset/clips/common_voice_en_599001.mp3,i thought the unscrewing might be automatic.
./data/CommonVoice2_dataset/clips/common_voice_en_599002.mp3,it seemed to him that it fell to earth about one hundred miles east of here.
./data/CommonVoice2_dataset/clips/common_voice_en_114755.mp3,it's a miracle that nobody has found out about this yet.
./data/CommonVoice2_dataset/clips/common_voice_en_114756.mp3,have you seen my mom?
./data/CommonVoice2_dataset/clips/common_voice_en_114757.mp3,it's useful to have separate commands for moving the pointer and clicking.
./data/CommonVoice2_dataset/clips/common_voice_en_114758.mp3,you know where i can get it?
./data/CommonVoice2_dataset/clips/common_voice_en_114759.mp3,that can't be true.
./data/CommonVoice2_dataset/clips/common_voice_en_114760.mp3,she composed an emotional song in her bedroom.
./data/CommonVoice2_dataset/clips/common_voice_en_114761.mp3,about an hour ago.
./data/CommonVoice2_dataset/clips/common_voice_en_114762.mp3,there isn't any more wine.
./data/CommonVoice2_dataset/clips/common_voice_en_114763.mp3,the reader does not need to know how it is actually computed.
./data/CommonVoice2_dataset/clips/common_voice_en_114764.mp3,your crew will do the mop up job.
./data/CommonVoice2_dataset/clips/common_voice_en_114765.mp3,only you expected it to be like other marriages.
./data/CommonVoice2_dataset/clips/common_voice_en_114766.mp3,i'm not interested in your book.
./data/CommonVoice2_dataset/clips/common_voice_en_114767.mp3,your age fits you.
./data/CommonVoice2_dataset/clips/common_voice_en_114768.mp3,but then i realized she couldn't have been.
./data/CommonVoice2_dataset/clips/common_voice_en_114769.mp3,how about some wine?
./data/CommonVoice2_dataset/clips/common_voice_en_114770.mp3,is that screwball pit-pat still around?
./data/CommonVoice2_dataset/clips/common_voice_en_114771.mp3,is it for further automatic processing?
./data/CommonVoice2_dataset/clips/common_voice_en_114772.mp3,save that for the tribune.
./data/CommonVoice2_dataset/clips/common_voice_en_114773.mp3,thanks for dropping around.
./data/CommonVoice2_dataset/clips/common_voice_en_114774.mp3,what difference does it make what time it is?
./data/CommonVoice2_dataset/clips/common_voice_en_114775.mp3,"in retrospect, everything was already decided when we heard the siren."
./data/CommonVoice2_dataset/clips/common_voice_en_114776.mp3,mr. brad cables you need cash.
./data/CommonVoice2_dataset/clips/common_voice_en_114777.mp3,but they were engaged.
./data/CommonVoice2_dataset/clips/common_voice_en_114778.mp3,it was the devil!
./data/CommonVoice2_dataset/clips/common_voice_en_114779.mp3,his nutrition consisted almost entirely of cereals.
./data/CommonVoice2_dataset/clips/common_voice_en_114780.mp3,it's even higher than this.
./data/CommonVoice2_dataset/clips/common_voice_en_114781.mp3,nostalgia isn't what it used to be.
./data/CommonVoice2_dataset/clips/common_voice_en_18515918.mp3,i was glad to hear this.
./data/CommonVoice2_dataset/clips/common_voice_en_18515919.mp3,one could sense the struggle going on within.
./data/CommonVoice2_dataset/clips/common_voice_en_18515920.mp3,he gave the door handle an apologetic rattle.
./data/CommonVoice2_dataset/clips/common_voice_en_18515921.mp3,can't say i mind either way.
./data/CommonVoice2_dataset/clips/common_voice_en_18515922.mp3,it was one of the high spots of my youth.
./data/CommonVoice2_dataset/clips/common_voice_en_18515924.mp3,i read the thing again.
./data/CommonVoice2_dataset/clips/common_voice_en_18515927.mp3,he lay in bed from dawn to dusk.
./data/CommonVoice2_dataset/clips/common_voice_en_18515933.mp3,every now and then they remember to give me some food.
./data/CommonVoice2_dataset/clips/common_voice_en_18515934.mp3,i have a dreadful headache.
./data/CommonVoice2_dataset/clips/common_voice_en_18515935.mp3,the idiots are in charge.
./data/CommonVoice2_dataset/clips/common_voice_en_18515937.mp3,by that answer my professional medical prestige stood or fell.
./data/CommonVoice2_dataset/clips/common_voice_en_18515942.mp3,"apple, google, amazon and facebook are often described as tech giants."
./data/CommonVoice2_dataset/clips/common_voice_en_18515945.mp3,"""i have come for my brains,"" remarked the scarecrow, a little uneasily."
./data/CommonVoice2_dataset/clips/common_voice_en_18515946.mp3,"white leghorns, said mrs mortimer."
./data/CommonVoice2_dataset/clips/common_voice_en_18515949.mp3,what's her call sign?
./data/CommonVoice2_dataset/clips/common_voice_en_18515954.mp3,"oh, about ten swallows; say sixteen medium-sized gulps."
./data/CommonVoice2_dataset/clips/common_voice_en_18515955.mp3,he broke out into a paroxysm of coughing.
./data/CommonVoice2_dataset/clips/common_voice_en_18515956.mp3,the hydroelectric power station generated electricity.
./data/CommonVoice2_dataset/clips/common_voice_en_18515957.mp3,what sort of landscape?
./data/CommonVoice2_dataset/clips/common_voice_en_18515959.mp3,when did you ever take me for a chump?
./data/CommonVoice2_dataset/clips/common_voice_en_18515961.mp3,"good morning, i'd like to book a holiday."
./data/CommonVoice2_dataset/clips/common_voice_en_18515963.mp3,the weakness passed.
./data/CommonVoice2_dataset/clips/common_voice_en_18515964.mp3,i had no wish to tear myself away unless i had to.
./data/CommonVoice2_dataset/clips/common_voice_en_18515966.mp3,ding dong merrily on high.
./data/CommonVoice2_dataset/clips/common_voice_en_18515967.mp3,"if the hat fits, then wear it!"
./data/CommonVoice2_dataset/clips/common_voice_en_18515969.mp3,kirsty might be able to do it; she has just come off her break.
./data/CommonVoice2_dataset/clips/common_voice_en_18515970.mp3,his acting is flawless.
./data/CommonVoice2_dataset/clips/common_voice_en_18515972.mp3,take notes; this is important.
./data/CommonVoice2_dataset/clips/common_voice_en_18515976.mp3,he inspected the photograph for a moment with growing gloom.
./data/CommonVoice2_dataset/clips/common_voice_en_18515977.mp3,"he loves angela, i tell you."
./data/CommonVoice2_dataset/clips/common_voice_en_573052.mp3,"i can learn something from the desert, too."
./data/CommonVoice2_dataset/clips/common_voice_en_573053.mp3,there was nothing to hold him back except himself.
./data/CommonVoice2_dataset/clips/common_voice_en_573054.mp3,he had come to the town only to find a woman who could interpret his dream.
./data/CommonVoice2_dataset/clips/common_voice_en_573055.mp3,"and yet, none of these people has ever met the old king."
./data/CommonVoice2_dataset/clips/common_voice_en_573056.mp3,and he hadn't perceived them because he had become accustomed to them.
./data/CommonVoice2_dataset/clips/common_voice_en_573057.mp3,but he didn't stop.
./data/CommonVoice2_dataset/clips/common_voice_en_573058.mp3,"""there's no danger,"" the boy said, when they had moved on past the encampment."
./data/CommonVoice2_dataset/clips/common_voice_en_573059.mp3,"the mixture took on a reddish color, almost the color of blood."
./data/CommonVoice2_dataset/clips/common_voice_en_573060.mp3,and he gave the boy his blessing.
./data/CommonVoice2_dataset/clips/common_voice_en_573061.mp3,"on the first day he returned with a rabbit, and on the second with two birds."
./data/CommonVoice2_dataset/clips/common_voice_en_573062.mp3,all who went there were happy at having done so.
./data/CommonVoice2_dataset/clips/common_voice_en_573063.mp3,on the very first page it described a burial ceremony.
./data/CommonVoice2_dataset/clips/common_voice_en_573064.mp3,"i pointed out mars, a bright dot of light."
./data/CommonVoice2_dataset/clips/common_voice_en_573065.mp3,"there was a full moon, and the boy told the englishman the story of his life."
./data/CommonVoice2_dataset/clips/common_voice_en_573066.mp3,"they looked for the fallen mass, but found nothing."
./data/CommonVoice2_dataset/clips/common_voice_en_573067.mp3,"he is going to transform himself into the wind, just to demonstrate his powers."
./data/CommonVoice2_dataset/clips/common_voice_en_573068.mp3,"and there were dunes, rocks, and plants that insisted on living where survival seemed impossible."
./data/CommonVoice2_dataset/clips/common_voice_en_573069.mp3,"i wanted to sleep a little longer, he thought."
./data/CommonVoice2_dataset/clips/common_voice_en_573070.mp3,he spent the entire morning observing the infrequent comings and goings in the street.
./data/CommonVoice2_dataset/clips/common_voice_en_573071.mp3,and he knew what was the fair price for every one of his animals.
./data/CommonVoice2_dataset/clips/common_voice_en_573072.mp3,"""and this is for me,"" said the alchemist, keeping one of the parts."
./data/CommonVoice2_dataset/clips/common_voice_en_573073.mp3,"""from here on, you will be alone,"" the alchemist said."
./data/CommonVoice2_dataset/clips/common_voice_en_573074.mp3,the stranger continued to hold the sword at the boy's forehead.
./data/CommonVoice2_dataset/clips/common_voice_en_573075.mp3,he suddenly felt tremendously happy.
./data/CommonVoice2_dataset/clips/common_voice_en_573076.mp3,he paused for a moment to see if the woman knew what the egyptian pyramids were.
./data/CommonVoice2_dataset/clips/common_voice_en_573077.mp3,but none of that mattered to the alchemist.
./data/CommonVoice2_dataset/clips/common_voice_en_573078.mp3,but that was simply because my eye was tired.
./data/CommonVoice2_dataset/clips/common_voice_en_573079.mp3,not even the tribal chieftains are able to see him when they want to.
./data/CommonVoice2_dataset/clips/common_voice_en_573080.mp3,the alchemist knocked on the gate of the monastery.
./data/CommonVoice2_dataset/clips/common_voice_en_573081.mp3,they could barely see the boy.
./data/CommonVoice2_dataset/clips/common_voice_en_17392960.mp3,did you know that mohammad was so good at tennis?
./data/CommonVoice2_dataset/clips/common_voice_en_17392961.mp3,"roll the dice, please."
./data/CommonVoice2_dataset/clips/common_voice_en_17392962.mp3,do you like contemporary paintings?
./data/CommonVoice2_dataset/clips/common_voice_en_17392963.mp3,"here, let me show you around."
./data/CommonVoice2_dataset/clips/common_voice_en_17392964.mp3,"love is a fluid concept, and i'm not sure if androids get that."
./data/CommonVoice2_dataset/clips/common_voice_en_17392978.mp3,"it took me most of the day to track you down, it's not like you're listed in the phone book."
./data/CommonVoice2_dataset/clips/common_voice_en_17392979.mp3,"damage suffered makes you knowing, but seldom rich."
./data/CommonVoice2_dataset/clips/common_voice_en_17392980.mp3,"palm oil is cheap, but workers on illegal plantations get exploited and huge areas of jungle get destroyed for its production."
./data/CommonVoice2_dataset/clips/common_voice_en_17392981.mp3,"breakfast is usually earlier than this, she thought."
./data/CommonVoice2_dataset/clips/common_voice_en_17392982.mp3,"well, what of it?"
./data/CommonVoice2_dataset/clips/common_voice_en_17392983.mp3,are children more creative than adults?
./data/CommonVoice2_dataset/clips/common_voice_en_17392984.mp3,"he could have sworn the shadow moved but he kept his eyes fixed on the table, his grip tightening on his cutlery."
./data/CommonVoice2_dataset/clips/common_voice_en_17392986.mp3,"love with life is heaven; and life unloving, hell."
./data/CommonVoice2_dataset/clips/common_voice_en_17392987.mp3,"the pavement collapsed earlier this morning, injuring an old lady heading for the market."
./data/CommonVoice2_dataset/clips/common_voice_en_17392988.mp3,"it was sprayed in red, with yellow edges."
./data/CommonVoice2_dataset/clips/common_voice_en_17392989.mp3,"he who won't be advised, can't be helped."
./data/CommonVoice2_dataset/clips/common_voice_en_17392990.mp3,your behavior is embarrassing; go learn the art of social intercourse!
./data/CommonVoice2_dataset/clips/common_voice_en_17392991.mp3,"kidneys are transplanted often, because every healthy person has two of them."
./data/CommonVoice2_dataset/clips/common_voice_en_17392992.mp3,do you want me to?
./data/CommonVoice2_dataset/clips/common_voice_en_17392998.mp3,"let what must be, happen."
./data/CommonVoice2_dataset/clips/common_voice_en_17392999.mp3,"come on, just stop thinking about it."
./data/CommonVoice2_dataset/clips/common_voice_en_17393000.mp3,"no offense, but your agility leaves a lot to be desired."
./data/CommonVoice2_dataset/clips/common_voice_en_17393001.mp3,"""before you go, i want to hug you"", she said."
./data/CommonVoice2_dataset/clips/common_voice_en_17393002.mp3,"what is it, tom?"
./data/CommonVoice2_dataset/clips/common_voice_en_17393006.mp3,"at the same time, they cannot find an exact definition of what a feeling is."
./data/CommonVoice2_dataset/clips/common_voice_en_17393008.mp3,did you check your laser?
./data/CommonVoice2_dataset/clips/common_voice_en_17393010.mp3,"""never to come on a green twig;"" not to get on in the world."
./data/CommonVoice2_dataset/clips/common_voice_en_17393011.mp3,"split the log with a quick, sharp blow."
./data/CommonVoice2_dataset/clips/common_voice_en_17393012.mp3,"the news was chilling, to say the least."
./data/CommonVoice2_dataset/clips/common_voice_en_17393058.mp3,"in the discotheque, the dj played progressive house music and trance."
./data/CommonVoice2_dataset/clips/common_voice_en_17393059.mp3,"according to all known laws of aviation, there is no way a bee should be able to fly."
./data/CommonVoice2_dataset/clips/common_voice_en_17393060.mp3,can i get the sandwich without tomatoes?
./data/CommonVoice2_dataset/clips/common_voice_en_17393061.mp3,"perhaps, we could meet at the institute around noon since i have a few things i need to attend to first."
./data/CommonVoice2_dataset/clips/common_voice_en_17393062.mp3,what does she look like?
./data/CommonVoice2_dataset/clips/common_voice_en_17393085.mp3,"as one door closes, another always opens."
./data/CommonVoice2_dataset/clips/common_voice_en_17393087.mp3,"a song, a girl, a maid."
./data/CommonVoice2_dataset/clips/common_voice_en_17393089.mp3,"check the copyright, trademark, and patent information contained on the website."
./data/CommonVoice2_dataset/clips/common_voice_en_17393091.mp3,"man proposes, god disposes."
./data/CommonVoice2_dataset/clips/common_voice_en_17393093.mp3,so why would they want to drop the gold standard if not for the reasons they claim?
./data/CommonVoice2_dataset/clips/common_voice_en_17393103.mp3,"i like the city, but in july it is too hot."
./data/CommonVoice2_dataset/clips/common_voice_en_17393104.mp3,have you seen it?
./data/CommonVoice2_dataset/clips/common_voice_en_17393105.mp3,"me too, so i try to get plenty wherever i go."
./data/CommonVoice2_dataset/clips/common_voice_en_17393106.mp3,why don't you speak?
./data/CommonVoice2_dataset/clips/common_voice_en_15093194.mp3,a bird makes his nest little by little.
./data/CommonVoice2_dataset/clips/common_voice_en_15093195.mp3,"well, what of it?"
./data/CommonVoice2_dataset/clips/common_voice_en_15093196.mp3,"although everything should be under the state's control, there is a lot of violence in prisons."
./data/CommonVoice2_dataset/clips/common_voice_en_15093197.mp3,do you notice the flickering of the neon lights?
./data/CommonVoice2_dataset/clips/common_voice_en_15093198.mp3,the list was frighteningly extensive.
./data/CommonVoice2_dataset/clips/common_voice_en_15093199.mp3,the first step to a healthy lifestyle is to exercise often and regularly.
./data/CommonVoice2_dataset/clips/common_voice_en_15093200.mp3,modifying the assets would be a copyright violation.
./data/CommonVoice2_dataset/clips/common_voice_en_15093201.mp3,team 4 will meet up at point b with team 5.
./data/CommonVoice2_dataset/clips/common_voice_en_15093202.mp3,imagined monstrosities capered and gibbered in his imagination as he tried not to look behind him.
./data/CommonVoice2_dataset/clips/common_voice_en_15093203.mp3,the case was puzzling to the old and wise.
./data/CommonVoice2_dataset/clips/common_voice_en_15093204.mp3,i wonder if we'll ever get rid of all the nukes.
./data/CommonVoice2_dataset/clips/common_voice_en_15093205.mp3,they were all furious when the escapade failed.
./data/CommonVoice2_dataset/clips/common_voice_en_16048866.mp3,even a just cause needs power to win.
./data/CommonVoice2_dataset/clips/common_voice_en_16048867.mp3,did you try any japanese food while you were there.
./data/CommonVoice2_dataset/clips/common_voice_en_16048868.mp3,do you know if dylan is going to go with us?
./data/CommonVoice2_dataset/clips/common_voice_en_16048870.mp3,spotted dick is a classic british pudding.
./data/CommonVoice2_dataset/clips/common_voice_en_16048871.mp3,many hands help get the job done.
./data/CommonVoice2_dataset/clips/common_voice_en_16048872.mp3,this lamp is quite nice.
./data/CommonVoice2_dataset/clips/common_voice_en_16048873.mp3,i felt like being in paradise.
./data/CommonVoice2_dataset/clips/common_voice_en_16048874.mp3,the man wore a feather in his felt hat.
./data/CommonVoice2_dataset/clips/common_voice_en_16048875.mp3,smile when you say nasty words.
./data/CommonVoice2_dataset/clips/common_voice_en_16048876.mp3,cheap clothes are flashy but don't last.
./data/CommonVoice2_dataset/clips/common_voice_en_16048877.mp3,"as they watched the waves crashing into each other, alice thought of home."
./data/CommonVoice2_dataset/clips/common_voice_en_16048878.mp3,there is no fool like an old fool.
./data/CommonVoice2_dataset/clips/common_voice_en_16048879.mp3,some of the best gifts come in small packages.
./data/CommonVoice2_dataset/clips/common_voice_en_16048880.mp3,memory is the treasure of the mind.
./data/CommonVoice2_dataset/clips/common_voice_en_16165690.mp3,"what is always becoming, never is."
./data/CommonVoice2_dataset/clips/common_voice_en_17248764.mp3,"to my satisfaction, i have been mentioned in the credits for my proficiency."
./data/CommonVoice2_dataset/clips/common_voice_en_17248765.mp3,what can i do for you?
./data/CommonVoice2_dataset/clips/common_voice_en_17248766.mp3,do you like contemporary paintings?
./data/CommonVoice2_dataset/clips/common_voice_en_17248767.mp3,what is the weather in brazil during the summer?
./data/CommonVoice2_dataset/clips/common_voice_en_17248768.mp3,is it not so?
./data/CommonVoice2_dataset/clips/common_voice_en_17248769.mp3,"diesel is the cheapest one, because of lower taxes."
./data/CommonVoice2_dataset/clips/common_voice_en_17248770.mp3,"if you release the clutch too quickly, the engine will stall."
./data/CommonVoice2_dataset/clips/common_voice_en_17248771.mp3,"""prepare for detonation"", he announced and started the countdown."
./data/CommonVoice2_dataset/clips/common_voice_en_17248772.mp3,"a true friend is someone who reaches for your hand, but touches your heart."
./data/CommonVoice2_dataset/clips/common_voice_en_17248774.mp3,why should you not?
./data/CommonVoice2_dataset/clips/common_voice_en_17248775.mp3,"i didn't find the blow-dryer, so i just used the vacuum-cleaner."
./data/CommonVoice2_dataset/clips/common_voice_en_17250765.mp3,"the light reflected about the place, like some supernatural aura."
./data/CommonVoice2_dataset/clips/common_voice_en_17250766.mp3,"remember to take your full course of antibiotics, stopping early is dangerous for your health."
./data/CommonVoice2_dataset/clips/common_voice_en_17250769.mp3,"their application for asylum has been accepted, since they're victims of political persecution."
./data/CommonVoice2_dataset/clips/common_voice_en_17250770.mp3,"somehow, the paragraphs blurred into each other."
./data/CommonVoice2_dataset/clips/common_voice_en_17250771.mp3,"as students, they founded an a capella group and now they're commercially successful."
./data/CommonVoice2_dataset/clips/common_voice_en_17250772.mp3,"i heard the land where the hobbits live, the shire, has actually been filmed in new zealand."
./data/CommonVoice2_dataset/clips/common_voice_en_17250773.mp3,"oxygen is important for us, but some bacteria don't need it at all."
./data/CommonVoice2_dataset/clips/common_voice_en_17250775.mp3,"without haste, yet without rest unhasting, yet unresting."
./data/CommonVoice2_dataset/clips/common_voice_en_17250776.mp3,"a wink is as good as a nod, to a blind man."
./data/CommonVoice2_dataset/clips/common_voice_en_17250777.mp3,"to understand recursion, one must first learn about recursion."
./data/CommonVoice2_dataset/clips/common_voice_en_17250778.mp3,"mrs. travis, when i leave my kids in kindergarten, i expect you to supervise them."
./data/CommonVoice2_dataset/clips/common_voice_en_17250780.mp3,where did you come up with that idea?
./data/CommonVoice2_dataset/clips/common_voice_en_17250782.mp3,"no, i don't want to be a pilot."
./data/CommonVoice2_dataset/clips/common_voice_en_17250783.mp3,"the results of the test were inconclusive, and it has not been repeated."
./data/CommonVoice2_dataset/clips/common_voice_en_17250784.mp3,"men that are not included in the line, the reserve, militia never mind, farewell."
./data/CommonVoice2_dataset/clips/common_voice_en_17250786.mp3,"jennifer's expression changed. ""pull my finger"", she said."
./data/CommonVoice2_dataset/clips/common_voice_en_17250787.mp3,why didn't you phone me up?
./data/CommonVoice2_dataset/clips/common_voice_en_17250788.mp3,"when i visited south america i had dinner with aaron, douglas, nicole, and raymond."
./data/CommonVoice2_dataset/clips/common_voice_en_17250789.mp3,"you know her better, so you should do it."
./data/CommonVoice2_dataset/clips/common_voice_en_17250790.mp3,"we first met each other under the eiffel tower, it was magical."
./data/CommonVoice2_dataset/clips/common_voice_en_17250791.mp3,"it was sprayed in red, with yellow edges."
./data/CommonVoice2_dataset/clips/common_voice_en_17250792.mp3,"the volcano eruption itself was a catastrophe, but the ash is an excellent fertilizer."
./data/CommonVoice2_dataset/clips/common_voice_en_17250793.mp3,did you see any ghosts?
./data/CommonVoice2_dataset/clips/common_voice_en_17250794.mp3,does this mean he will go to jail?
./data/CommonVoice2_dataset/clips/common_voice_en_17250799.mp3,"when he got the call, ali ran out of the store, down the street, and into the car."
./data/CommonVoice2_dataset/clips/common_voice_en_17250801.mp3,what are you laughing at?
./data/CommonVoice2_dataset/clips/common_voice_en_17250802.mp3,"felix, please show me how to correctly throw a boomerang."
./data/CommonVoice2_dataset/clips/common_voice_en_17250803.mp3,is this a picture of a cat?
./data/CommonVoice2_dataset/clips/common_voice_en_17250805.mp3,would you like a cappuccino?
./data/CommonVoice2_dataset/clips/common_voice_en_17250806.mp3,"love sought is good, but given unsought is better."
./data/CommonVoice2_dataset/clips/common_voice_en_17250807.mp3,"lit. all hail, fresh, pious, joyous, free."
./data/CommonVoice2_dataset/clips/common_voice_en_17250808.mp3,won't you sit down?
./data/CommonVoice2_dataset/clips/common_voice_en_17250809.mp3,whose men are you?
./data/CommonVoice2_dataset/clips/common_voice_en_17250810.mp3,"gossips are frogs, they drink and talk."
./data/CommonVoice2_dataset/clips/common_voice_en_17250811.mp3,"no, you cannot have that lollipop."
./data/CommonVoice2_dataset/clips/common_voice_en_17250812.mp3,"thin rolls of paste prepared of flour, cheese, yolks of eggs, sugar, and saffron."
./data/CommonVoice2_dataset/clips/common_voice_en_17250814.mp3,"jeez, you look stoned!"
./data/CommonVoice2_dataset/clips/common_voice_en_17250815.mp3,why don't you speak?
./data/CommonVoice2_dataset/clips/common_voice_en_17250816.mp3,what does it matter?
./data/CommonVoice2_dataset/clips/common_voice_en_17250817.mp3,"even the weak, when united, become powerful."
./data/CommonVoice2_dataset/clips/common_voice_en_17250818.mp3,"okay, that's not it."
./data/CommonVoice2_dataset/clips/common_voice_en_17250819.mp3,"this is the power box we always have problems with, if you could take a look."
./data/CommonVoice2_dataset/clips/common_voice_en_17250821.mp3,are you sure that is exactly what happened?
./data/CommonVoice2_dataset/clips/common_voice_en_18722131.mp3,"his sisters are bobbi jo parsons, peggy sue kennedy, and janie lee dye."
./data/CommonVoice2_dataset/clips/common_voice_en_18722132.mp3,these are mid-sized woodpeckers.
./data/CommonVoice2_dataset/clips/common_voice_en_18722133.mp3,james verner was town's founder.
./data/CommonVoice2_dataset/clips/common_voice_en_18722134.mp3,it is situated in the southeastern part of the island.
./data/CommonVoice2_dataset/clips/common_voice_en_18722135.mp3,the climate in hooper bay is maritime.
./data/CommonVoice2_dataset/clips/common_voice_en_18722136.mp3,a case report of adrafinil-induced orofacial dyskinesia exists.
./data/CommonVoice2_dataset/clips/common_voice_en_18722138.mp3,at that time gestair cargo's main customer was iberia airlines.
./data/CommonVoice2_dataset/clips/common_voice_en_18722139.mp3,i feel they're no worse than men are.
./data/CommonVoice2_dataset/clips/common_voice_en_18722140.mp3,"england's home ground is wembley stadium, london, and the current manager is gareth southgate."
./data/CommonVoice2_dataset/clips/common_voice_en_18722141.mp3,the project also would preserve greenspace throughout the city and create new parks.
./data/CommonVoice2_dataset/clips/common_voice_en_18722142.mp3,"at high tide, water flows from buzzards bay to the vineyard sound."
./data/CommonVoice2_dataset/clips/common_voice_en_18722143.mp3,the borgata is suing gemaco as well as ivey.
./data/CommonVoice2_dataset/clips/common_voice_en_18722144.mp3,"the nearest town, snoqualmie, washington, is located about to the northwest."
./data/CommonVoice2_dataset/clips/common_voice_en_18722146.mp3,victor saunders is the oldest man to summit mt.
./data/CommonVoice2_dataset/clips/common_voice_en_18722147.mp3,"the park has open eucalypt woodlands, melaleuca swamps and areas of rainforest."
./data/CommonVoice2_dataset/clips/common_voice_en_18722149.mp3,the county seat is marysville.
./data/CommonVoice2_dataset/clips/common_voice_en_18722150.mp3,these facilities are available for use by the local community at certain times.
./data/CommonVoice2_dataset/clips/common_voice_en_18722151.mp3,"it is about forty kilometres east of prince albert, saskatchewan."
./data/CommonVoice2_dataset/clips/common_voice_en_18722156.mp3,he became known as don luis.
./data/CommonVoice2_dataset/clips/common_voice_en_18722157.mp3,the boulevard borders japantown between fillmore and laguna streets.
./data/CommonVoice2_dataset/clips/common_voice_en_18722158.mp3,"in customary law jurisdictions, customary land is the predominant form of land ownership."
./data/CommonVoice2_dataset/clips/common_voice_en_18722175.mp3,"however, the taxi driver's tip failed to help police trace the missing girl."
./data/CommonVoice2_dataset/clips/common_voice_en_18722176.mp3,"his mother's name was ""italia"", which means ""italy"" in portuguese."
./data/CommonVoice2_dataset/clips/common_voice_en_18722177.mp3,"research in molecular genetics found ""aquila"" and ""hieraaetus"" to be polyphyletic."
./data/CommonVoice2_dataset/clips/common_voice_en_18722178.mp3,"however, pakistan needed to apply to join."
./data/CommonVoice2_dataset/clips/common_voice_en_18722179.mp3,it is also the final resting place of her father.
./data/CommonVoice2_dataset/clips/common_voice_en_18722190.mp3,"the bird is named after the original doctor mid-nite, charles mcnider."
./data/CommonVoice2_dataset/clips/common_voice_en_18722191.mp3,he was discovered by pornographic film director chi chi larue.
./data/CommonVoice2_dataset/clips/common_voice_en_18722192.mp3,berrio took them to the territories he had previously explored by himself years before.
./data/CommonVoice2_dataset/clips/common_voice_en_18722193.mp3,several related families often live together to form a village.
./data/CommonVoice2_dataset/clips/common_voice_en_18722194.mp3,"no example of the type was built, however."
./data/CommonVoice2_dataset/clips/common_voice_en_18722195.mp3,bernard cornwell's fictional character richard sharpe was named after him.
./data/CommonVoice2_dataset/clips/common_voice_en_18722197.mp3,"the ""casualty"" logo flashes up on the screen when the screen blurs out."
./data/CommonVoice2_dataset/clips/common_voice_en_18722198.mp3,"another powerful family were the viscontis, who eventually became dukes of milan."
./data/CommonVoice2_dataset/clips/common_voice_en_18722199.mp3,"huarte stressed ""somatic determinants of behavior"" which originate in the brain."
./data/CommonVoice2_dataset/clips/common_voice_en_18722200.mp3,"upon doing so, his son became the second brother blood."
./data/CommonVoice2_dataset/clips/common_voice_en_18722202.mp3,the bernankes have two children.
./data/CommonVoice2_dataset/clips/common_voice_en_18722203.mp3,"however, situations such as retraining, special duties, or air force-level changes necessitate these distinctions."
./data/CommonVoice2_dataset/clips/common_voice_en_18722204.mp3,one wounded man was killed by a shell while the corporal was carrying him.
./data/CommonVoice2_dataset/clips/common_voice_en_18722220.mp3,"colorful species such as the ornate cowfish, blennies, and sea anemones can be found."
./data/CommonVoice2_dataset/clips/common_voice_en_18722221.mp3,two solar panel wings measuring from tip to tip extended from the base.
./data/CommonVoice2_dataset/clips/common_voice_en_18722222.mp3,arid climates may require less.
./data/CommonVoice2_dataset/clips/common_voice_en_18722223.mp3,"also the long lost ""qi version"" of the analects was found in the tomb."
./data/CommonVoice2_dataset/clips/common_voice_en_18722224.mp3,"two companies which produce porcelain figurines are royal doulton, lladro and camal enterprises."
./data/CommonVoice2_dataset/clips/common_voice_en_18722240.mp3,the triballi and scordisci tribes lived in this area until the romans came.
./data/CommonVoice2_dataset/clips/common_voice_en_18722241.mp3,pae attended pyongyang sinri primary school and the korean physical education college.
./data/CommonVoice2_dataset/clips/common_voice_en_18722242.mp3,it borders the newark bay.
./data/CommonVoice2_dataset/clips/common_voice_en_18722244.mp3,"instead, it's a relic."
./data/CommonVoice2_dataset/clips/common_voice_en_18722245.mp3,the city was the capital of the cukataw duchy.
./data/CommonVoice2_dataset/clips/common_voice_en_18722246.mp3,"the city of marciac, france, erected a bronze statue in his honor."
./data/CommonVoice2_dataset/clips/common_voice_en_18722248.mp3,initial feature film sales focused on selling to the networks.
./data/CommonVoice2_dataset/clips/common_voice_en_18722249.mp3,"there is still the use of the horseshoe arch, at least decoratively."
./data/CommonVoice2_dataset/clips/common_voice_en_18722250.mp3,"in addition, the rapid development of housing took priority over preservation of old buildings."
./data/CommonVoice2_dataset/clips/common_voice_en_18722251.mp3,hussey has played live with both gary numan and the cure.
./data/CommonVoice2_dataset/clips/common_voice_en_18722252.mp3,several different sites may be promoted by different scouts at first.
./data/CommonVoice2_dataset/clips/common_voice_en_18722253.mp3,the telescope and its enclosure developed a revolutionary design for optimal image quality.
./data/CommonVoice2_dataset/clips/common_voice_en_18722254.mp3,the ghost town of henrietta was also located in the town.
./data/CommonVoice2_dataset/clips/common_voice_en_18722255.mp3,"the walk is a popular destination for tourists and locals, especially during hanami."
./data/CommonVoice2_dataset/clips/common_voice_en_18722256.mp3,even minor characters can be identified; forrest's servant oh my resembles london's valet nakata.
./data/CommonVoice2_dataset/clips/common_voice_en_18722257.mp3,"according to anderson, ""the war of the worlds"" greatly influenced him."
./data/CommonVoice2_dataset/clips/common_voice_en_18722258.mp3,the warship's final deployment proved to be routine in nature.
./data/CommonVoice2_dataset/clips/common_voice_en_18722259.mp3,he rarely visited harris or her daughter.
./data/CommonVoice2_dataset/clips/common_voice_en_18722260.mp3,"the chief rebel, fitzmaurice, eluded government forces for some time."
./data/CommonVoice2_dataset/clips/common_voice_en_18722261.mp3,the results clearly show the solidity of our democracy.
./data/CommonVoice2_dataset/clips/common_voice_en_18722262.mp3,"it is the dub for his ""experience"" album."
./data/CommonVoice2_dataset/clips/common_voice_en_18722263.mp3,she mostly played the leading actor's love interest in all these films.
./data/CommonVoice2_dataset/clips/common_voice_en_18722264.mp3,their root zones are superb micro-sites for bacterial communities.
./data/CommonVoice2_dataset/clips/common_voice_en_18722270.mp3,"lots in upper piedmont are, on average, larger than lots in lower piedmont."
./data/CommonVoice2_dataset/clips/common_voice_en_18722271.mp3,of real-world objects which in some way falls short of direct knowledge of them.
./data/CommonVoice2_dataset/clips/common_voice_en_18722272.mp3,hughes' doctors considered his recovery almost miraculous.
./data/CommonVoice2_dataset/clips/common_voice_en_18722273.mp3,forget about what you did.
./data/CommonVoice2_dataset/clips/common_voice_en_18722274.mp3,"the world championship is called brannbollscupen, which is followed by the festival brannbollsyran."
./data/CommonVoice2_dataset/clips/common_voice_en_18722275.mp3,but his championship of the german language was without equal.
./data/CommonVoice2_dataset/clips/common_voice_en_18722276.mp3,for the third congress representatives were selected at-large on a general ticket.
./data/CommonVoice2_dataset/clips/common_voice_en_18722278.mp3,"however, it's later revealed that this version is actually loki in disguise."
./data/CommonVoice2_dataset/clips/common_voice_en_18722279.mp3,mina is the patron saint of many german and swiss towns.
./data/CommonVoice2_dataset/clips/common_voice_en_18722285.mp3,"olson was born in evanston, illinois, and graduated from northwestern university."
./data/CommonVoice2_dataset/clips/common_voice_en_18722286.mp3,"these dialects are mutually intelligible, but have fixed phonetic, morphological and lexical differences."
./data/CommonVoice2_dataset/clips/common_voice_en_18722287.mp3,"we know what a child can bring, no matter the circumstances."
./data/CommonVoice2_dataset/clips/common_voice_en_18722288.mp3,"meanwhile, george michael and maeby deal with their previous kiss by avoiding each other."
./data/CommonVoice2_dataset/clips/common_voice_en_18722289.mp3,mariotto albertinelli was born in florence as the son of a gold beater.
./data/CommonVoice2_dataset/clips/common_voice_en_18722290.mp3,it had a subsidiary label called lawn records.
./data/CommonVoice2_dataset/clips/common_voice_en_18722291.mp3,the number of slaves transported on english ships subsequently increased dramatically.
./data/CommonVoice2_dataset/clips/common_voice_en_18722292.mp3,"fionn mac colla is commemorated in makars' court, outside the writers' museum, lawnmarket, edinburgh."
./data/CommonVoice2_dataset/clips/common_voice_en_18722293.mp3,the symbol of the currency was the abbreviation k. or sometimes kr.
./data/CommonVoice2_dataset/clips/common_voice_en_18722294.mp3,opinion polls showing seat projections are displayed in the table below.
./data/CommonVoice2_dataset/clips/common_voice_en_18722295.mp3,"north tacoma is, behind northeast tacoma, the second wealthiest part of the city."
./data/CommonVoice2_dataset/clips/common_voice_en_18722296.mp3,"in the public opinion, the bureau agents were not perceived as positive people."
./data/CommonVoice2_dataset/clips/common_voice_en_18722297.mp3,"he described the lyrics as being about religion, passion, love, and loss."
./data/CommonVoice2_dataset/clips/common_voice_en_18722298.mp3,"ghale, of nepali origin, was killed when police stormed his jakarta home."
./data/CommonVoice2_dataset/clips/common_voice_en_18722300.mp3,primary bile acids are produced by the liver and stored in the gall bladder.
./data/CommonVoice2_dataset/clips/common_voice_en_18722301.mp3,"he was a great friend of francesco francia, who was much influenced by him."
./data/CommonVoice2_dataset/clips/common_voice_en_18722302.mp3,"the tincture is ordinarily consumed orally, but may also be applied to the skin."
./data/CommonVoice2_dataset/clips/common_voice_en_18722303.mp3,baldwin himself designed the two storey wood frame house.
./data/CommonVoice2_dataset/clips/common_voice_en_18722304.mp3,the actual site of anko's grave is not known.
./data/CommonVoice2_dataset/clips/common_voice_en_18722305.mp3,tallmadge lies within two counties.
./data/CommonVoice2_dataset/clips/common_voice_en_18722306.mp3,constructive dilemma is the disjunctive version of modus ponens.
./data/CommonVoice2_dataset/clips/common_voice_en_18722307.mp3,he played keyboards in local bands and coached tennis to support himself.
./data/CommonVoice2_dataset/clips/common_voice_en_18722308.mp3,each class is composed of multiple divisions and then sections.
./data/CommonVoice2_dataset/clips/common_voice_en_18722312.mp3,"mcmaster was born in brooklyn, new york."
./data/CommonVoice2_dataset/clips/common_voice_en_18722313.mp3,this was first proposed by group captain s. o. bufton.
./data/CommonVoice2_dataset/clips/common_voice_en_18722314.mp3,yield management gave way to the more general practice of revenue management.
./data/CommonVoice2_dataset/clips/common_voice_en_18722315.mp3,langdon was the only guest to ever appear on the show twice.
./data/CommonVoice2_dataset/clips/common_voice_en_18722316.mp3,all are offshoots of the original dynasty.
./data/CommonVoice2_dataset/clips/common_voice_en_18722317.mp3,the nearest tube station is south kensington to the south.
./data/CommonVoice2_dataset/clips/common_voice_en_18722320.mp3,laphiji - laphiji is the middle son and the quiet one of the three.
./data/CommonVoice2_dataset/clips/common_voice_en_18722322.mp3,it is unclear whether these coins circulated.
./data/CommonVoice2_dataset/clips/common_voice_en_18722324.mp3,the family owned some farmland as well as a shop in the city.
./data/CommonVoice2_dataset/clips/common_voice_en_18722325.mp3,boland was made minister for local government in the new cabinet.
./data/CommonVoice2_dataset/clips/common_voice_en_18722326.mp3,"in their context, the leader of the wild hunt is the goddess hecate."
./data/CommonVoice2_dataset/clips/common_voice_en_18722327.mp3,"""ribes"" gives its name to the popular blackcurrant cordial ribena."
./data/CommonVoice2_dataset/clips/common_voice_en_18722328.mp3,the knights leave and becket again says he is ready to die.
./data/CommonVoice2_dataset/clips/common_voice_en_18722331.mp3,"florence dove never cared about dove's passion for art, and was more socially inclined."
./data/CommonVoice2_dataset/clips/common_voice_en_18722332.mp3,one of scarsellino's most important pupils was costanzo cattani.
./data/CommonVoice2_dataset/clips/common_voice_en_18722334.mp3,a market is held on front street on thursdays and saturdays.
./data/CommonVoice2_dataset/clips/common_voice_en_18722335.mp3,this is the first year in the second stage.
./data/CommonVoice2_dataset/clips/common_voice_en_18722336.mp3,"it introduced a dual-channel memory interface to the mainstream market, doubling theoretical bandwidth."
./data/CommonVoice2_dataset/clips/common_voice_en_18722337.mp3,carl's age group only changes clothes infrequently and with little changes.
./data/CommonVoice2_dataset/clips/common_voice_en_18722338.mp3,hampton is part of the camden micropolitan statistical area.
./data/CommonVoice2_dataset/clips/common_voice_en_18722339.mp3,services have now been replaced by a bus rapid transit line.
./data/CommonVoice2_dataset/clips/common_voice_en_18722340.mp3,nothing is then known of its whereabouts for a century or so.
./data/CommonVoice2_dataset/clips/common_voice_en_18722341.mp3,the existing dam is the second structure to be called the american falls dam.
./data/CommonVoice2_dataset/clips/common_voice_en_18722342.mp3,the site has been used to film several episodes of television series doctor who.
./data/CommonVoice2_dataset/clips/common_voice_en_18722344.mp3,the nearest coastal town to cape kormakitis is kyrenia.
./data/CommonVoice2_dataset/clips/common_voice_en_18722346.mp3,the greater reactivity of chlorate is typical - perchlorates are kinetically poorer oxidants.
./data/CommonVoice2_dataset/clips/common_voice_en_18722347.mp3,he was a head of the poly-technical museum in moscow.
./data/CommonVoice2_dataset/clips/common_voice_en_18722348.mp3,the remaining seven are listed as near threatened.
./data/CommonVoice2_dataset/clips/common_voice_en_18722349.mp3,the city is served by kaufman independent school district and terrell independent school district.
./data/CommonVoice2_dataset/clips/common_voice_en_18722350.mp3,"if we are america, then we ought to be what we say we are."
./data/CommonVoice2_dataset/clips/common_voice_en_18722352.mp3,austen creates his art digitally.
./data/CommonVoice2_dataset/clips/common_voice_en_18722354.mp3,these missions take place in rooms of a house.
./data/CommonVoice2_dataset/clips/common_voice_en_18722357.mp3,the software was used in electronic publishing.
./data/CommonVoice2_dataset/clips/common_voice_en_18722358.mp3,he enjoys his stay in germany.
./data/CommonVoice2_dataset/clips/common_voice_en_18722359.mp3,"the fields contain either bituminous coal or semi-anthracite, and all occur within pennsylvanian strata."
./data/CommonVoice2_dataset/clips/common_voice_en_18722360.mp3,he was the elder brother of cornelius varley.
./data/CommonVoice2_dataset/clips/common_voice_en_18722362.mp3,the promontory on which agropoli stands has been inhabited since neolithic times.
./data/CommonVoice2_dataset/clips/common_voice_en_18722363.mp3,"in the movie, the venue stands-in for the hard rock cafe."
./data/CommonVoice2_dataset/clips/common_voice_en_18722364.mp3,"bhatt confirmed the break-up in a conversation with ""mid-day""."
./data/CommonVoice2_dataset/clips/common_voice_en_18722365.mp3,she is the aunt of dakota and elle fanning.
./data/CommonVoice2_dataset/clips/common_voice_en_18722366.mp3,traditionally astronomical observations in the optical region have separated into imaging and spectroscopy.
./data/CommonVoice2_dataset/clips/common_voice_en_18722367.mp3,"thus, all independent projects which meet the capital budgeting criterion should be accepted."
./data/CommonVoice2_dataset/clips/common_voice_en_18722368.mp3,adams' training base is at the centre national de sport de macolin in switzerland.
./data/CommonVoice2_dataset/clips/common_voice_en_18722369.mp3,jashpur is now a separate district.
./data/CommonVoice2_dataset/clips/common_voice_en_18722370.mp3,they are accessible to only one door of a train.
./data/CommonVoice2_dataset/clips/common_voice_en_18722372.mp3,the malaysian houses of parliament are situated near the monument.
./data/CommonVoice2_dataset/clips/common_voice_en_18722373.mp3,j.-j.
./data/CommonVoice2_dataset/clips/common_voice_en_18722374.mp3,it is known for many upscale dining establishments.
./data/CommonVoice2_dataset/clips/common_voice_en_18722375.mp3,"the opening became known as ""the old cut""."
./data/CommonVoice2_dataset/clips/common_voice_en_18722376.mp3,successfully passing a course earns a student both high school and college credit.
./data/CommonVoice2_dataset/clips/common_voice_en_18722377.mp3,it is the home of the football team of harvard.
./data/CommonVoice2_dataset/clips/common_voice_en_18722378.mp3,the final section is a slow string chorale that resembles a russian orthodox hymn.
./data/CommonVoice2_dataset/clips/common_voice_en_18722379.mp3,many of these are of yiddish or jewish origin.
./data/CommonVoice2_dataset/clips/common_voice_en_18722380.mp3,that album was eventually released by indie label loose groove.
./data/CommonVoice2_dataset/clips/common_voice_en_18722382.mp3,he also had considerable investments in real estate.
./data/CommonVoice2_dataset/clips/common_voice_en_18722383.mp3,it is named in honour of marie curie-sklodowska.
./data/CommonVoice2_dataset/clips/common_voice_en_18722384.mp3,"""the final cut"" received mixed reviews from critics."
./data/CommonVoice2_dataset/clips/common_voice_en_18722385.mp3,"ralphs however, decided not to return as the sponsor of the team."
./data/CommonVoice2_dataset/clips/common_voice_en_18722386.mp3,we examine a continuous random variable.
./data/CommonVoice2_dataset/clips/common_voice_en_18722387.mp3,it may be given a subgenus of its own in a future study.
./data/CommonVoice2_dataset/clips/common_voice_en_18722388.mp3,"the band members, especially nicu covaci, found themselves increasingly harassed by the securitate."
./data/CommonVoice2_dataset/clips/common_voice_en_18722390.mp3,the qur'an mentions a prophet called zul-kifl.
./data/CommonVoice2_dataset/clips/common_voice_en_18722391.mp3,a visual diff finds differences between two files by eyeball search.
./data/CommonVoice2_dataset/clips/common_voice_en_18722394.mp3,emily jones is the director.
./data/CommonVoice2_dataset/clips/common_voice_en_18722396.mp3,as such they belong to the colorful history of political satire.
./data/CommonVoice2_dataset/clips/common_voice_en_18722397.mp3,at its summit the hill is above sea level.
./data/CommonVoice2_dataset/clips/common_voice_en_18722398.mp3,the ensemble of these objects is called a jet.
./data/CommonVoice2_dataset/clips/common_voice_en_18722399.mp3,it has extension centers located in new albany and corinth.
./data/CommonVoice2_dataset/clips/common_voice_en_18722400.mp3,the original terminus was south ferry.
./data/CommonVoice2_dataset/clips/common_voice_en_18722402.mp3,"when the glaciers retreated further, water would then flow north."
./data/CommonVoice2_dataset/clips/common_voice_en_18722404.mp3,"the sites strongly resemble graves or tombs; however, no human bones are found."
./data/CommonVoice2_dataset/clips/common_voice_en_18722405.mp3,"since then, abreu has been considered the first lady of brazilian funk."
./data/CommonVoice2_dataset/clips/common_voice_en_18722406.mp3,she wore an oscar de la renta dress.
./data/CommonVoice2_dataset/clips/common_voice_en_18722407.mp3,the keel of monitor no.
./data/CommonVoice2_dataset/clips/common_voice_en_18722408.mp3,king edmund of east anglia is said to have lived here.
./data/CommonVoice2_dataset/clips/common_voice_en_18722409.mp3,the book's foreword was written by henry r. luce.
./data/CommonVoice2_dataset/clips/common_voice_en_18722410.mp3,it is a state that cannot be explained in words: 'without experience no knowledge.
./data/CommonVoice2_dataset/clips/common_voice_en_18722411.mp3,kurds and zazas have for centuries lived in the same areas in anatolia.
./data/CommonVoice2_dataset/clips/common_voice_en_18722412.mp3,"in effect, the city itself had two or even three members of parliament."
./data/CommonVoice2_dataset/clips/common_voice_en_18722414.mp3,vonnegut's terry kitchen was a talented member of the abstract expressionist movement.
./data/CommonVoice2_dataset/clips/common_voice_en_18722415.mp3,this accusation could have meant the end of his political career.
./data/CommonVoice2_dataset/clips/common_voice_en_18722416.mp3,it can also be heard in some caribbean islands.
./data/CommonVoice2_dataset/clips/common_voice_en_18722418.mp3,he was a distant relative of poet sidney lanier and writer thomas lanier williams.
./data/CommonVoice2_dataset/clips/common_voice_en_18785167.mp3,"""kokai"" means ""open to the public"", or ""laid-open""."
./data/CommonVoice2_dataset/clips/common_voice_en_18785168.mp3,he was also a distinguished translator.
./data/CommonVoice2_dataset/clips/common_voice_en_18785169.mp3,his brother was the finnish army captain aarne juutilainen.
./data/CommonVoice2_dataset/clips/common_voice_en_18785171.mp3,please hang up and dial again.
./data/CommonVoice2_dataset/clips/common_voice_en_18785172.mp3,the interchange at main reef road was removed.
./data/CommonVoice2_dataset/clips/common_voice_en_18785174.mp3,"in the film, a real frog is skinned alive while fish are mutilated."
./data/CommonVoice2_dataset/clips/common_voice_en_18785175.mp3,students are also encouraged to take part in the duke of edinburgh award scheme.
./data/CommonVoice2_dataset/clips/common_voice_en_18785176.mp3,"he was the elder son of sydney fraser, a marine engineer."
./data/CommonVoice2_dataset/clips/common_voice_en_18785177.mp3,further see coherent states.
./data/CommonVoice2_dataset/clips/common_voice_en_18785178.mp3,"a few months after wadley left the ""standard"", the publication launched its ""sorry"" promotion."
./data/CommonVoice2_dataset/clips/common_voice_en_18785179.mp3,it was then the port of the city of bruges.
./data/CommonVoice2_dataset/clips/common_voice_en_18785180.mp3,the name is latin for the waters of sulis.
./data/CommonVoice2_dataset/clips/common_voice_en_18785181.mp3,the wildcats made strafing attacks while the avengers launched torpedoes.
./data/CommonVoice2_dataset/clips/common_voice_en_18785193.mp3,amaravathi gram panchayat is the local self-government of the village.
./data/CommonVoice2_dataset/clips/common_voice_en_18785194.mp3,visitors to the colony included the composer sergei rachmaninoff.
./data/CommonVoice2_dataset/clips/common_voice_en_18785195.mp3,"it can involve user-centric use-cases, as well as enterprise-centric use-cases."
./data/CommonVoice2_dataset/clips/common_voice_en_18785196.mp3,it is a part of the pottstown urban area.
./data/CommonVoice2_dataset/clips/common_voice_en_18785247.mp3,"firstly, the town was called rykiv, and only latter it was renamed to kosiv."
./data/CommonVoice2_dataset/clips/common_voice_en_18785248.mp3,a driving tour is described by the pettaquamscutt historical society.
./data/CommonVoice2_dataset/clips/common_voice_en_18785249.mp3,this rule is not always strictly observed in the new world.
./data/CommonVoice2_dataset/clips/common_voice_en_18785250.mp3,"late in his kongsvinger career, he went for a brief loan to luton."
./data/CommonVoice2_dataset/clips/common_voice_en_18785251.mp3,"his endeavours comprehended subcutaneous operations such as tenotomy, the surgical division of a tendon."
./data/CommonVoice2_dataset/clips/common_voice_en_18785268.mp3,it takes time for this process to destroy the liver cells.
./data/CommonVoice2_dataset/clips/common_voice_en_18785269.mp3,"wilhelm gass, ""protestantische dogmatik"", iii."
./data/CommonVoice2_dataset/clips/common_voice_en_18785270.mp3,"innis is chairman of tea party forward, part of the tea party movement."
./data/CommonVoice2_dataset/clips/common_voice_en_18785271.mp3,he studied medicine in the university of lisbon.
./data/CommonVoice2_dataset/clips/common_voice_en_18785282.mp3,"he was cremated, and his ashes were scattered near westlake village, california."
./data/CommonVoice2_dataset/clips/common_voice_en_18785283.mp3,merquior divided his published works in two segments.
./data/CommonVoice2_dataset/clips/common_voice_en_18785284.mp3,solinari guides the souls of good wizards to the beyond.
./data/CommonVoice2_dataset/clips/common_voice_en_18785286.mp3,other charts needed the input of the reference points to be manually added.
./data/CommonVoice2_dataset/clips/common_voice_en_18785292.mp3,"credits adapted from the liner notes of ""beautiful intentions""."
./data/CommonVoice2_dataset/clips/common_voice_en_18785293.mp3,burn duration was two minutes.
./data/CommonVoice2_dataset/clips/common_voice_en_18785294.mp3,there is also the mansion hotel and conference centre.
./data/CommonVoice2_dataset/clips/common_voice_en_18785295.mp3,"at the time, it was somewhat controversial."
./data/CommonVoice2_dataset/clips/common_voice_en_18785296.mp3,the lake shares its name with the slavey first nations.
./data/CommonVoice2_dataset/clips/common_voice_en_18785317.mp3,along the way he is hunted by darkhounds and darkfriends.
./data/CommonVoice2_dataset/clips/common_voice_en_18785318.mp3,"he then denounced and personally executed jiang, and reported his actions to his mother."
./data/CommonVoice2_dataset/clips/common_voice_en_18785321.mp3,early in her career mozzoni embraced the utopian socialism of charles fourier.
./data/CommonVoice2_dataset/clips/common_voice_en_18785337.mp3,filters modify the images recorded.
./data/CommonVoice2_dataset/clips/common_voice_en_18785338.mp3,schuba was born in vienna.
./data/CommonVoice2_dataset/clips/common_voice_en_18785339.mp3,"source: ""this article incorporates translated text from an equivalent article at the french wikipedia""."
./data/CommonVoice2_dataset/clips/common_voice_en_18785340.mp3,in the text he explains his beliefs and summarizes his actions.
./data/CommonVoice2_dataset/clips/common_voice_en_18785343.mp3,"weisman echoes this sentiment, characterizing knight as ""thoughtful, soft-spoken, articulate, and quite serious""."
./data/CommonVoice2_dataset/clips/common_voice_en_18785344.mp3,flora vista is served by two public school districts - aztec and farmington.
./data/CommonVoice2_dataset/clips/common_voice_en_18785345.mp3,a number of cars continue to crash into the pile-up.
./data/CommonVoice2_dataset/clips/common_voice_en_18785346.mp3,it stars marcello mastroianni and yelena safonova.
./data/CommonVoice2_dataset/clips/common_voice_en_18785347.mp3,"their blended family includes daughters alexis, hailey, addison and son, jack."
./data/CommonVoice2_dataset/clips/common_voice_en_18785348.mp3,the color of hematite lends itself to use as a pigment.
./data/CommonVoice2_dataset/clips/common_voice_en_18785350.mp3,the charity's headquarters are at its garden organic ryton site in warwickshire.
./data/CommonVoice2_dataset/clips/common_voice_en_18785351.mp3,water vapor also occurs in the atmosphere with highly variable abundance.
./data/CommonVoice2_dataset/clips/common_voice_en_18785352.mp3,bill morton orders an internal investigation at the scottish qualifications authority.
./data/CommonVoice2_dataset/clips/common_voice_en_18785353.mp3,meikle auchengree is east of glengarnock in dalry parish.
./data/CommonVoice2_dataset/clips/common_voice_en_18785354.mp3,telstraclear decided to merge the paradise helpdesk with its existing clearnet helpdesk in auckland.
./data/CommonVoice2_dataset/clips/common_voice_en_18785355.mp3,at rangitoto the large tubes are cave-like.
./data/CommonVoice2_dataset/clips/common_voice_en_18785357.mp3,"examples of include the wars in the former yugoslavia, in rwanda and afghanistan."
./data/CommonVoice2_dataset/clips/common_voice_en_18785358.mp3,not all web servers provide forward secrecy.
./data/CommonVoice2_dataset/clips/common_voice_en_18785359.mp3,all raiders wear the green beret with the national emblem on the left.
./data/CommonVoice2_dataset/clips/common_voice_en_18785361.mp3,at this time the only mandated duties were anti-riot.
./data/CommonVoice2_dataset/clips/common_voice_en_18785362.mp3,a class action suit was filed against china airlines and airbus industrie for compensation.
./data/CommonVoice2_dataset/clips/common_voice_en_18785363.mp3,"sandlin is a former youth baseball, basketball, and softball coach."
./data/CommonVoice2_dataset/clips/common_voice_en_18785364.mp3,"at around the same time, the romans were finally the victors over carthage."
./data/CommonVoice2_dataset/clips/common_voice_en_18785365.mp3,"afterwards, bowen was sworn of the privy council."
./data/CommonVoice2_dataset/clips/common_voice_en_18785367.mp3,"both buildings use employed a large amount of concrete, which is openly on display."
./data/CommonVoice2_dataset/clips/common_voice_en_18785368.mp3,"the storm destroyed almost all structures on assateague island, where development was just beginning."
./data/CommonVoice2_dataset/clips/common_voice_en_18785369.mp3,think for yourself.
./data/CommonVoice2_dataset/clips/common_voice_en_18785370.mp3,he is a graduate of the university of virginia.
./data/CommonVoice2_dataset/clips/common_voice_en_18785371.mp3,handmade presents are also exchanged amongst the wintering team.
./data/CommonVoice2_dataset/clips/common_voice_en_18785372.mp3,"on the site of the old yards are homebase, matalan and lidl stores."
./data/CommonVoice2_dataset/clips/common_voice_en_18785373.mp3,the obtained solution is the starting point of the born series.
./data/CommonVoice2_dataset/clips/common_voice_en_18785374.mp3,the single's artwork is by yelena yemchuk.
./data/CommonVoice2_dataset/clips/common_voice_en_18785375.mp3,morgan was born in the london borough of enfield and grew up in tottenham.
./data/CommonVoice2_dataset/clips/common_voice_en_18785376.mp3,the two saturday night societies have since closed.
./data/CommonVoice2_dataset/clips/common_voice_en_18785377.mp3,"she has also played in the series ""let's stay together""."
./data/CommonVoice2_dataset/clips/common_voice_en_18785379.mp3,"yashar books, a smaller jewish publisher, agreed to distribute them."
./data/CommonVoice2_dataset/clips/common_voice_en_18785380.mp3,rupert adopted the courtesy title of viscount trematon.
./data/CommonVoice2_dataset/clips/common_voice_en_18785381.mp3,"appearances in commercials, films and music videos soon followed."
./data/CommonVoice2_dataset/clips/common_voice_en_18785387.mp3,"idyllwild arts was founded by doctor max krone and his wife, beatrice."
./data/CommonVoice2_dataset/clips/common_voice_en_18785388.mp3,"moments later, there are cries of ""murder"" and ""help""."
./data/CommonVoice2_dataset/clips/common_voice_en_18785391.mp3,cheryl moves into george's place.
./data/CommonVoice2_dataset/clips/common_voice_en_18785402.mp3,"the reliant robin aimed to provide economical, predictable personal transportation."
./data/CommonVoice2_dataset/clips/common_voice_en_18785403.mp3,only from the tapes can he be resurrected.
./data/CommonVoice2_dataset/clips/common_voice_en_18785404.mp3,radmanovich is a graduate of pepperdine university.
./data/CommonVoice2_dataset/clips/common_voice_en_18785405.mp3,"when he was reportedly criticized for building a shelter for the poor, he resigned."
./data/CommonVoice2_dataset/clips/common_voice_en_18785406.mp3,"a mid-tempo pop punk song, it was written by hoppus based on personal experience."
./data/CommonVoice2_dataset/clips/common_voice_en_18785412.mp3,ant was his best man.
./data/CommonVoice2_dataset/clips/common_voice_en_18785413.mp3,previously court was held in a log cabin southeast of jefferson.
./data/CommonVoice2_dataset/clips/common_voice_en_18785415.mp3,"the floating duck house, symbol of the expenses scandal, was later sold at auction."
./data/CommonVoice2_dataset/clips/common_voice_en_18785416.mp3,"""sounds funny"" is the show's theme."
./data/CommonVoice2_dataset/clips/common_voice_en_18785422.mp3,bridger creek passes through the gap between the range and the bighorns.
./data/CommonVoice2_dataset/clips/common_voice_en_18785423.mp3,the newspaper has never missed an issue since.
./data/CommonVoice2_dataset/clips/common_voice_en_18785424.mp3,the reserve is now undergoing habitat restoration projects.
./data/CommonVoice2_dataset/clips/common_voice_en_18785425.mp3,the mass and the base are assumed to interact via friction.
./data/CommonVoice2_dataset/clips/common_voice_en_18785432.mp3,it typically has several main stems.
./data/CommonVoice2_dataset/clips/common_voice_en_18785435.mp3,"females produce tiny, red, edible berries in summer."
./data/CommonVoice2_dataset/clips/common_voice_en_18785436.mp3,his final religious act was to embrace buddhism.
./data/CommonVoice2_dataset/clips/common_voice_en_18785443.mp3,several parts of boundaries of the town were extended soon afterward.
./data/CommonVoice2_dataset/clips/common_voice_en_18785444.mp3,his wife had him buried in chamonix.
./data/CommonVoice2_dataset/clips/common_voice_en_18785445.mp3,"in an attempt to break through the roadblock, moldovan forces then opened fire."
./data/CommonVoice2_dataset/clips/common_voice_en_18785446.mp3,"in england, kneller concentrated almost entirely on portraiture."
./data/CommonVoice2_dataset/clips/common_voice_en_18785462.mp3,"the group visited graceland, elvis presley's estate in memphis."
./data/CommonVoice2_dataset/clips/common_voice_en_18785463.mp3,the unincorporated communities of brodtville and wyalusing are located in the town.
./data/CommonVoice2_dataset/clips/common_voice_en_18785464.mp3,"since that date any new ""development"" has required planning permission."
./data/CommonVoice2_dataset/clips/common_voice_en_18785473.mp3,he also came on the following week against bolton wanderers.
./data/CommonVoice2_dataset/clips/common_voice_en_18785474.mp3,"most paintings were made from dead specimens, but many were also drawn from life."
./data/CommonVoice2_dataset/clips/common_voice_en_18785476.mp3,"some of this ""notable group"" included jason epstein and norman mailer."
