./data/CommonVoice2_dataset/clips/common_voice_en_670563.mp3,haven't you got any feeling?
./data/CommonVoice2_dataset/clips/common_voice_en_17282803.mp3,do you know how long i have been waiting for?
./data/CommonVoice2_dataset/clips/common_voice_en_17247323.mp3,what is it like?
./data/CommonVoice2_dataset/clips/common_voice_en_17247324.mp3,what are you here for this morning?
./data/CommonVoice2_dataset/clips/common_voice_en_18330155.mp3,in spite of their absurdity the words affected philip curiously.
./data/CommonVoice2_dataset/clips/common_voice_en_18330157.mp3,darkness hid him from jeanne.
./data/CommonVoice2_dataset/clips/common_voice_en_17266451.mp3,"the lens was heavy, but it had an amazing zoom."
./data/CommonVoice2_dataset/clips/common_voice_en_17266452.mp3,will you come with me?
./data/CommonVoice2_dataset/clips/common_voice_en_17576885.mp3,who has already arrived?
./data/CommonVoice2_dataset/clips/common_voice_en_17576889.mp3,but what are we to do?
./data/CommonVoice2_dataset/clips/common_voice_en_18095217.mp3,"you said it yourself, he doesn't trust easily."
./data/CommonVoice2_dataset/clips/common_voice_en_18095218.mp3,"sorry for interrupting your lecture, sir edward."
./data/CommonVoice2_dataset/clips/common_voice_en_18095219.mp3,where is my wife?
./data/CommonVoice2_dataset/clips/common_voice_en_1470.mp3,everyone seemed very excited.
./data/CommonVoice2_dataset/clips/common_voice_en_1471.mp3,he heard a muffled grating sound and saw the black mark jerk forward an inch or so.
./data/CommonVoice2_dataset/clips/common_voice_en_1472.mp3,the crowd swayed a little as i elbowed my way through.
./data/CommonVoice2_dataset/clips/common_voice_en_580646.mp3,the police interviews a man.
./data/CommonVoice2_dataset/clips/common_voice_en_580647.mp3,two people are rowing a canoe through the water.
./data/CommonVoice2_dataset/clips/common_voice_en_580650.mp3,a girl wearing sunglasses smiles for the camera.
./data/CommonVoice2_dataset/clips/common_voice_en_580651.mp3,a cyclist is leaning a mountain bike around a bend on a dirt track.
./data/CommonVoice2_dataset/clips/common_voice_en_17285939.mp3,"the majority always claims to be pacifist, but ..."
./data/CommonVoice2_dataset/clips/common_voice_en_17285952.mp3,"although the reduced capacity was justifiable in their opinion, they stayed the course."
./data/CommonVoice2_dataset/clips/common_voice_en_17285953.mp3,"it shouldn't be displayed on any book pages, or should it?"
./data/CommonVoice2_dataset/clips/common_voice_en_17286856.mp3,how can i tell you that you are fit enough to join the camp?
./data/CommonVoice2_dataset/clips/common_voice_en_187188.mp3,they play duets together.
./data/CommonVoice2_dataset/clips/common_voice_en_187189.mp3,it is up there!
./data/CommonVoice2_dataset/clips/common_voice_en_187190.mp3,but you mustn't feel that way.
./data/CommonVoice2_dataset/clips/common_voice_en_187191.mp3,i know you're anxious to make a train.
./data/CommonVoice2_dataset/clips/common_voice_en_187193.mp3,this moisturising cream is fantastic.
./data/CommonVoice2_dataset/clips/common_voice_en_17847572.mp3,"no matter how much he offered, scott would not accept the deal."
./data/CommonVoice2_dataset/clips/common_voice_en_17847573.mp3,"after being sealed for more than eighty four years, the vault was finally opened in twenty-fourteen."
./data/CommonVoice2_dataset/clips/common_voice_en_17847574.mp3,what is today?
./data/CommonVoice2_dataset/clips/common_voice_en_17847575.mp3,"a group of people, one of them with a guitar, were sitting by the campfire and singing songs."
./data/CommonVoice2_dataset/clips/common_voice_en_17847576.mp3,"tyler, lucy, michelle, we're going to space!"
./data/CommonVoice2_dataset/clips/common_voice_en_138710.mp3,"wearing his new sandals, he descended the stairs silently."
./data/CommonVoice2_dataset/clips/common_voice_en_138711.mp3,all who went there were happy at having done so.
./data/CommonVoice2_dataset/clips/common_voice_en_138712.mp3,the three fell silent.
./data/CommonVoice2_dataset/clips/common_voice_en_138713.mp3,because the crystal was dirty.
./data/CommonVoice2_dataset/clips/common_voice_en_138715.mp3,it was more activity than usual for this time of the morning.
./data/CommonVoice2_dataset/clips/common_voice_en_17403383.mp3,"good-day to you, sir."
./data/CommonVoice2_dataset/clips/common_voice_en_17403385.mp3,"in retrospect, everything was already decided when we heard the siren."
./data/CommonVoice2_dataset/clips/common_voice_en_17403386.mp3,"the family that prays together, stays together."
./data/CommonVoice2_dataset/clips/common_voice_en_17403387.mp3,how is mozilla going to handle ambiguities like queue and cue?
./data/CommonVoice2_dataset/clips/common_voice_en_17403388.mp3,"can you file these files, please?"
./data/CommonVoice2_dataset/clips/common_voice_en_367068.mp3,take the winding path to reach the lake.
./data/CommonVoice2_dataset/clips/common_voice_en_367069.mp3,no doubt about the way the wind blows.
./data/CommonVoice2_dataset/clips/common_voice_en_367070.mp3,"despite years of research, the problem remained intractable."
./data/CommonVoice2_dataset/clips/common_voice_en_367071.mp3,i am so happy!
./data/CommonVoice2_dataset/clips/common_voice_en_367072.mp3,stay where you are.
./data/CommonVoice2_dataset/clips/common_voice_en_367073.mp3,"pink foam floated gently through the air, landing on the parked vehicles."
./data/CommonVoice2_dataset/clips/common_voice_en_640171.mp3,the griffin is a legendary creature.
./data/CommonVoice2_dataset/clips/common_voice_en_640172.mp3,something terribly important's happened.
./data/CommonVoice2_dataset/clips/common_voice_en_640173.mp3,i really don't like dress codes. 
./data/CommonVoice2_dataset/clips/common_voice_en_640174.mp3,wisdom and intelligence are two very separate things.
./data/CommonVoice2_dataset/clips/common_voice_en_640175.mp3,is it possible to see riddick at consolidated theatres
./data/CommonVoice2_dataset/clips/common_voice_en_640176.mp3,it was after they got back from fishing.
./data/CommonVoice2_dataset/clips/common_voice_en_624539.mp3,but then he remembered that he wasn't going to have to pay anything.
./data/CommonVoice2_dataset/clips/common_voice_en_624540.mp3,"""you gave them everything i had!"" the boy said."
./data/CommonVoice2_dataset/clips/common_voice_en_624541.mp3,"he was older, and was carrying a small bucket."
./data/CommonVoice2_dataset/clips/common_voice_en_624542.mp3,the boy's name was santiago.
./data/CommonVoice2_dataset/clips/common_voice_en_624543.mp3,"you'll watch them as they grow, demonstrating how the world is always changing."
./data/CommonVoice2_dataset/clips/common_voice_en_624544.mp3,"he had suddenly remembered that, in tarifa, there was an old woman who interpreted dreams."
./data/CommonVoice2_dataset/clips/common_voice_en_532065.mp3,"it was, however, still so hot from its flight through the air."
./data/CommonVoice2_dataset/clips/common_voice_en_532066.mp3,"if you start your emails with ""greetings"" let me be the first to welcome you to earth."
./data/CommonVoice2_dataset/clips/common_voice_en_532067.mp3,"down below in the darkness were hundreds of people, sleeping in peace."
./data/CommonVoice2_dataset/clips/common_voice_en_532068.mp3,"that night, there was another jetting out of gas from the distant planet."
./data/CommonVoice2_dataset/clips/common_voice_en_532069.mp3,it was such a gradual movement that he found it only by noticing the dots.
./data/CommonVoice2_dataset/clips/common_voice_en_532071.mp3,it may be the gases of the firing that caused the martians inconvenience.
./data/CommonVoice2_dataset/clips/common_voice_en_532072.mp3,henderson was taking it in.
./data/CommonVoice2_dataset/clips/common_voice_en_18606330.mp3,you can see the pendulum swing.
./data/CommonVoice2_dataset/clips/common_voice_en_18606332.mp3,sneak back to your room and barricade the door.
./data/CommonVoice2_dataset/clips/common_voice_en_18606334.mp3,now keep very quiet.
./data/CommonVoice2_dataset/clips/common_voice_en_18606337.mp3,there is air trapped in the pipes.
./data/CommonVoice2_dataset/clips/common_voice_en_18606338.mp3,"'it must be a very pretty dance,' said alice timidly."
./data/CommonVoice2_dataset/clips/common_voice_en_18606339.mp3,lawyers will litigate.
./data/CommonVoice2_dataset/clips/common_voice_en_18606340.mp3,helene shuddered and covered her face spasmodically with her hands.
./data/CommonVoice2_dataset/clips/common_voice_en_18606341.mp3,"'only you must eat them both, if you buy two,' said the sheep."
./data/CommonVoice2_dataset/clips/common_voice_en_45158.mp3,the same hand that had brandished the sword now held a whip.
./data/CommonVoice2_dataset/clips/common_voice_en_45159.mp3,it turned out to be a bitter tea.
./data/CommonVoice2_dataset/clips/common_voice_en_45160.mp3,"and, above all, don't forget to follow your destiny through to its conclusion."
./data/CommonVoice2_dataset/clips/common_voice_en_45161.mp3,i told you that your dream was a difficult one.
./data/CommonVoice2_dataset/clips/common_voice_en_45162.mp3,and continue to pay heed to the omens.
./data/CommonVoice2_dataset/clips/common_voice_en_45163.mp3,"he ran his fingers slowly over the stones, sensing their temperature and feeling their surfaces."
./data/CommonVoice2_dataset/clips/common_voice_en_45164.mp3,my friend bought all the other sheep immediately.
./data/CommonVoice2_dataset/clips/common_voice_en_45165.mp3,"if he ever decided to leave them, they would suffer."
./data/CommonVoice2_dataset/clips/common_voice_en_184399.mp3,look around some time.
./data/CommonVoice2_dataset/clips/common_voice_en_184400.mp3,do male kangaroos have a pouch?
./data/CommonVoice2_dataset/clips/common_voice_en_184401.mp3,do you know when you're really lonely?
./data/CommonVoice2_dataset/clips/common_voice_en_184402.mp3,never mind the european war!
./data/CommonVoice2_dataset/clips/common_voice_en_184403.mp3,he's nuts about you.
./data/CommonVoice2_dataset/clips/common_voice_en_184404.mp3,"when the carpet and the curtains caught fire, it was getting warm."
./data/CommonVoice2_dataset/clips/common_voice_en_184405.mp3,the clock was slightly askew.
./data/CommonVoice2_dataset/clips/common_voice_en_184406.mp3,being with him alone made her feel uncomfortable.
./data/CommonVoice2_dataset/clips/common_voice_en_184407.mp3,i'll keep you in mind.
./data/CommonVoice2_dataset/clips/common_voice_en_603314.mp3,a skier is doing a flip in the snow.
./data/CommonVoice2_dataset/clips/common_voice_en_603315.mp3,a man on a bmx bike jumps over a train
./data/CommonVoice2_dataset/clips/common_voice_en_603317.mp3,a woman looks stonefaced in the mirror as she applies eyeliner.
./data/CommonVoice2_dataset/clips/common_voice_en_603318.mp3,a man in a black shirt and red tie holding a drink.
./data/CommonVoice2_dataset/clips/common_voice_en_603320.mp3,a man walking on the street with a baseball cap and black longsleeve shirt.
./data/CommonVoice2_dataset/clips/common_voice_en_603321.mp3,a young boy in a white karate gi executes a jump kick.
./data/CommonVoice2_dataset/clips/common_voice_en_603322.mp3,young kids with soccer gear on walking towards the camera.
./data/CommonVoice2_dataset/clips/common_voice_en_603324.mp3,an elderly man in a very unique shirt sits and smokes a cigarette.
./data/CommonVoice2_dataset/clips/common_voice_en_603325.mp3,the two boys stand on a pile of rocks in front of some trees.
./data/CommonVoice2_dataset/clips/common_voice_en_1137935.mp3,you can't get blood out of a stone.
./data/CommonVoice2_dataset/clips/common_voice_en_1137936.mp3,no wise man ever wishes to be younger.
./data/CommonVoice2_dataset/clips/common_voice_en_1137938.mp3,"i ate a dish with rice, spaghetti, hummus, and caramelized onions."
./data/CommonVoice2_dataset/clips/common_voice_en_1137939.mp3,may i sit down?
./data/CommonVoice2_dataset/clips/common_voice_en_1137940.mp3,what can i do?
./data/CommonVoice2_dataset/clips/common_voice_en_1137942.mp3,the grass and bushes were wet with dew.
./data/CommonVoice2_dataset/clips/common_voice_en_1137943.mp3,bail the boat to stop it from sinking.
./data/CommonVoice2_dataset/clips/common_voice_en_1137944.mp3,harry hoped he would see some success from the current project.
./data/CommonVoice2_dataset/clips/common_voice_en_1137945.mp3,"oh, what is it?"
./data/CommonVoice2_dataset/clips/common_voice_en_1137946.mp3,"what's up, homies, you ready to go?"
./data/CommonVoice2_dataset/clips/common_voice_en_369397.mp3,my trip to belgium was a disaster.
./data/CommonVoice2_dataset/clips/common_voice_en_369398.mp3,what is it like?
./data/CommonVoice2_dataset/clips/common_voice_en_369399.mp3,will you breakfast with me?
./data/CommonVoice2_dataset/clips/common_voice_en_369400.mp3,parachuting is dangerous.
./data/CommonVoice2_dataset/clips/common_voice_en_369401.mp3,the horn of the car woke the sleeping cop.
./data/CommonVoice2_dataset/clips/common_voice_en_369402.mp3,i woke up to the screech of my neighbor practicing trumpet.
./data/CommonVoice2_dataset/clips/common_voice_en_1280839.mp3,the cistern was malfunctioning.
./data/CommonVoice2_dataset/clips/common_voice_en_1280840.mp3,"i was screwing the screw with a screwdriver, then i said ""screw it."""
./data/CommonVoice2_dataset/clips/common_voice_en_1280841.mp3,the harder he tried the less he got done.
./data/CommonVoice2_dataset/clips/common_voice_en_1280842.mp3,matthew mcconaughey is an american actor.
./data/CommonVoice2_dataset/clips/common_voice_en_1280843.mp3,i am not sure.
./data/CommonVoice2_dataset/clips/common_voice_en_1639338.mp3,the horse balked and threw the tall rider.
./data/CommonVoice2_dataset/clips/common_voice_en_1639339.mp3,we need grain to keep our mules healthy.
./data/CommonVoice2_dataset/clips/common_voice_en_1639340.mp3,the bestselling novel was read four million times.
./data/CommonVoice2_dataset/clips/common_voice_en_1639341.mp3,not to break is better than to mend.
./data/CommonVoice2_dataset/clips/common_voice_en_1639342.mp3,steps one through five look like they will be easy.
./data/CommonVoice2_dataset/clips/common_voice_en_1639343.mp3,"to eat, and to scratch, a man need but begin"
./data/CommonVoice2_dataset/clips/common_voice_en_1639344.mp3,the cushion was soft and inviting.
./data/CommonVoice2_dataset/clips/common_voice_en_1639345.mp3,the clock of the town center took damage from a lightening strike.
./data/CommonVoice2_dataset/clips/common_voice_en_1639346.mp3,what do you want of me?
./data/CommonVoice2_dataset/clips/common_voice_en_1639347.mp3,i wish to see her.
./data/CommonVoice2_dataset/clips/common_voice_en_1639348.mp3,you can verify and re-record your own recordings before submitting them.
./data/CommonVoice2_dataset/clips/common_voice_en_1639349.mp3,"war, hunting, and love bring a thousand pain for one pleasure."
./data/CommonVoice2_dataset/clips/common_voice_en_660412.mp3,"in those times, the master work could be written simply on an emerald."
./data/CommonVoice2_dataset/clips/common_voice_en_660413.mp3,the monk was irritated.
./data/CommonVoice2_dataset/clips/common_voice_en_660415.mp3,the serpent relaxed immediately.
./data/CommonVoice2_dataset/clips/common_voice_en_660416.mp3,"""people from all over the world have passed through this village, son,"" said his father."
./data/CommonVoice2_dataset/clips/common_voice_en_660417.mp3,others stumbled upon the stone by accident.
./data/CommonVoice2_dataset/clips/common_voice_en_660418.mp3,"he had used the two stones only once, one morning when he was at a marketplace."
./data/CommonVoice2_dataset/clips/common_voice_en_660419.mp3,"""maktub,"" the boy said, remembering the crystal merchant."
./data/CommonVoice2_dataset/clips/common_voice_en_660420.mp3,it was such a gradual movement that he found it only by noticing the dots.
./data/CommonVoice2_dataset/clips/common_voice_en_660421.mp3,"people talk a lot about omens, thought the shepherd."
./data/CommonVoice2_dataset/clips/common_voice_en_660422.mp3,he walked slowly through the market.
./data/CommonVoice2_dataset/clips/common_voice_en_660423.mp3,"""there are many languages spoken by things,"" the boy said."
./data/CommonVoice2_dataset/clips/common_voice_en_660424.mp3,"when he's an old man, he's going to spend a month in africa."
./data/CommonVoice2_dataset/clips/common_voice_en_660425.mp3,"""hunches,"" his mother used to call them."
./data/CommonVoice2_dataset/clips/common_voice_en_660426.mp3,"""it is i who dared to do so,"" said the boy."
./data/CommonVoice2_dataset/clips/common_voice_en_18701634.mp3,"also note that this ornament in french, and sometimes in german, is spelled ""mordant""."
./data/CommonVoice2_dataset/clips/common_voice_en_18701635.mp3,"alisha's initial albums include ""jadoo"", ""baby doll"", ""aaah alisha"" and ""made in india""."
./data/CommonVoice2_dataset/clips/common_voice_en_18701636.mp3,"many cypriot dialect words derive from arabic through turkish like: ""kebab, pastourmas, mahalepi, rusfeti""."
./data/CommonVoice2_dataset/clips/common_voice_en_18701638.mp3,consequently i recognize the limitless authority of individuality of the artist ...
./data/CommonVoice2_dataset/clips/common_voice_en_18701654.mp3,the unincorporated community of cherry is located within cherry township.
./data/CommonVoice2_dataset/clips/common_voice_en_18701655.mp3,pinto published mainly in french and once in portuguese.
./data/CommonVoice2_dataset/clips/common_voice_en_18701656.mp3,"at maximum pressure, it takes approximately to drive the supercharger."
./data/CommonVoice2_dataset/clips/common_voice_en_18701657.mp3,"stores were built and a large hotel, the delbridge house, opened for business."
./data/CommonVoice2_dataset/clips/common_voice_en_18701658.mp3,"the biblical name has come to symbolize orphans, exiles, and social outcasts."
./data/CommonVoice2_dataset/clips/common_voice_en_18701664.mp3,he was also a poet and published a newspaper called tarbiat.
./data/CommonVoice2_dataset/clips/common_voice_en_18701665.mp3,", the school principal is mark a. lodewyk."
./data/CommonVoice2_dataset/clips/common_voice_en_18701666.mp3,"it is also popular among tourists, people that like to swim and bird watchers."
./data/CommonVoice2_dataset/clips/common_voice_en_18701667.mp3,a skin condition that mimics goose bumps in appearance is keratosis pilaris.
./data/CommonVoice2_dataset/clips/common_voice_en_18701668.mp3,they are designed to replace traditional mechanical gyroscopic flight instruments.
./data/CommonVoice2_dataset/clips/common_voice_en_697787.mp3,i shall make us some ice cubes.
./data/CommonVoice2_dataset/clips/common_voice_en_697789.mp3,"revenge is not my style, but obviously accidents will happen."
./data/CommonVoice2_dataset/clips/common_voice_en_697790.mp3,the newspaper articles had prepared everyone for the reception of the idea.
./data/CommonVoice2_dataset/clips/common_voice_en_697791.mp3,it brought his heart into his mouth.
./data/CommonVoice2_dataset/clips/common_voice_en_697792.mp3,all that time the martians must have been getting ready.
./data/CommonVoice2_dataset/clips/common_voice_en_697793.mp3,"before guns were invented, armies had to throw bullets at each other and if a bullet touched you, you had to sit out until the next war."
./data/CommonVoice2_dataset/clips/common_voice_en_697794.mp3,it spread through the planet's atmosphere and obscured its more familiar features.
./data/CommonVoice2_dataset/clips/common_voice_en_697795.mp3,ogilvy told him everything that he had seen.
./data/CommonVoice2_dataset/clips/common_voice_en_697796.mp3,"we don't know what's in the confounded thing, do you? "
./data/CommonVoice2_dataset/clips/common_voice_en_697797.mp3,"at the first glance, it was really not very exciting."
./data/CommonVoice2_dataset/clips/common_voice_en_697798.mp3,absolutely despicable that gingerbread men are forced to live in houses made of their own flesh.
./data/CommonVoice2_dataset/clips/common_voice_en_697799.mp3,the crowd swayed a little as i elbowed my way through.
./data/CommonVoice2_dataset/clips/common_voice_en_697800.mp3,the burning fire had been extinguished.
./data/CommonVoice2_dataset/clips/common_voice_en_697801.mp3,an huge hole had been made by the impact of the projectile.
./data/CommonVoice2_dataset/clips/common_voice_en_697802.mp3,"besides that, there was a heap of bicycles."
./data/CommonVoice2_dataset/clips/common_voice_en_697803.mp3,"i need you to be spontaneous. he asked me out to ""din din."""
./data/CommonVoice2_dataset/clips/common_voice_en_516869.mp3,"one short, solitary clown entered the ring honking an oversize horn while waving forlornly to the audience."
./data/CommonVoice2_dataset/clips/common_voice_en_516870.mp3,thousands of workers commute from the surroundings into the city each day.
./data/CommonVoice2_dataset/clips/common_voice_en_516871.mp3,why do people even eat peanut butter and jelly?
./data/CommonVoice2_dataset/clips/common_voice_en_516872.mp3,we visited a concert in the famous opera house in sydney.
./data/CommonVoice2_dataset/clips/common_voice_en_516873.mp3,we will be meeting abhishek there later tonight.
./data/CommonVoice2_dataset/clips/common_voice_en_516874.mp3,how was the food there?
./data/CommonVoice2_dataset/clips/common_voice_en_516875.mp3,hello! it is great to see you!
./data/CommonVoice2_dataset/clips/common_voice_en_516876.mp3,today's world is full of commercials.
./data/CommonVoice2_dataset/clips/common_voice_en_516877.mp3,the darkest hour is before the dawn.
./data/CommonVoice2_dataset/clips/common_voice_en_516878.mp3,discretion is the better part of valour.
./data/CommonVoice2_dataset/clips/common_voice_en_516879.mp3,they raised their glasses in the old bar.
./data/CommonVoice2_dataset/clips/common_voice_en_516880.mp3,better hash is made of rare beef.
./data/CommonVoice2_dataset/clips/common_voice_en_516881.mp3,but what are we to do?
./data/CommonVoice2_dataset/clips/common_voice_en_516882.mp3,the one time pad is an ultimate encryption if applied correctly.
./data/CommonVoice2_dataset/clips/common_voice_en_516883.mp3,two women were still missing when the firefighters arrived.
./data/CommonVoice2_dataset/clips/common_voice_en_516884.mp3,the pleasant hours fly by much too soon.
./data/CommonVoice2_dataset/clips/common_voice_en_516885.mp3,i love spicy food!
./data/CommonVoice2_dataset/clips/common_voice_en_516886.mp3,i saw that once before.
./data/CommonVoice2_dataset/clips/common_voice_en_678882.mp3,aren't we godlike?
./data/CommonVoice2_dataset/clips/common_voice_en_678883.mp3,tell them it's a case of serious delirium.
./data/CommonVoice2_dataset/clips/common_voice_en_678884.mp3,too much food is being wasted.
./data/CommonVoice2_dataset/clips/common_voice_en_678885.mp3,the library is open to everyone.
./data/CommonVoice2_dataset/clips/common_voice_en_678886.mp3,mosquitoes are annoying in the summer and can even transmit illnesses.
./data/CommonVoice2_dataset/clips/common_voice_en_678887.mp3,"in the short term future, prices will triple."
./data/CommonVoice2_dataset/clips/common_voice_en_678888.mp3,this specific approach won't bear any fruit.
./data/CommonVoice2_dataset/clips/common_voice_en_678889.mp3,of course you never did.
./data/CommonVoice2_dataset/clips/common_voice_en_678890.mp3,don't be a fool.
./data/CommonVoice2_dataset/clips/common_voice_en_678891.mp3,gives you an idea of the season.
./data/CommonVoice2_dataset/clips/common_voice_en_678892.mp3,the track pad on this laptop needs calibrating.
./data/CommonVoice2_dataset/clips/common_voice_en_678893.mp3,i have never seen a rothschild before.
./data/CommonVoice2_dataset/clips/common_voice_en_678894.mp3,"james watt didn't invent the steam engine, but he improved it significantly."
./data/CommonVoice2_dataset/clips/common_voice_en_678895.mp3,wouldn't do any good.
./data/CommonVoice2_dataset/clips/common_voice_en_678896.mp3,are there any other questions?
./data/CommonVoice2_dataset/clips/common_voice_en_678897.mp3,"luke, i am your sister!"
./data/CommonVoice2_dataset/clips/common_voice_en_678898.mp3,the houses were squashed together like sardines.
./data/CommonVoice2_dataset/clips/common_voice_en_678899.mp3,the chair lift took them up the mountain.
./data/CommonVoice2_dataset/clips/common_voice_en_678900.mp3,turn off the tv immediately!
./data/CommonVoice2_dataset/clips/common_voice_en_678901.mp3,the frog climbed the tower.
./data/CommonVoice2_dataset/clips/common_voice_en_678902.mp3,suppose there was a shane york and he walked into this office.
./data/CommonVoice2_dataset/clips/common_voice_en_656452.mp3,the englishman didn't answer him directly.
./data/CommonVoice2_dataset/clips/common_voice_en_656454.mp3,"on the third day, the chief met with his officers."
./data/CommonVoice2_dataset/clips/common_voice_en_656458.mp3,because life wants you to achieve your destiny.
./data/CommonVoice2_dataset/clips/common_voice_en_656459.mp3,"he is going to transform himself into the wind, just to demonstrate his powers."
./data/CommonVoice2_dataset/clips/common_voice_en_656460.mp3,and continue to pay heed to the omens.
./data/CommonVoice2_dataset/clips/common_voice_en_656461.mp3,my tax dollars pay for those public school proms.
./data/CommonVoice2_dataset/clips/common_voice_en_656462.mp3,"""i'm going away,"" he said."
./data/CommonVoice2_dataset/clips/common_voice_en_656463.mp3,"""and i'm certain you'll find it,"" the alchemist said."
./data/CommonVoice2_dataset/clips/common_voice_en_656464.mp3,"the old man wore a breastplate of gold, and he knew about my past."
./data/CommonVoice2_dataset/clips/common_voice_en_656465.mp3,the boy repeated his question.
./data/CommonVoice2_dataset/clips/common_voice_en_656466.mp3,"""well, usually i learn more from my sheep than from books,"" he answered."
./data/CommonVoice2_dataset/clips/common_voice_en_656467.mp3,this is for you.
./data/CommonVoice2_dataset/clips/common_voice_en_656468.mp3,i told him we could teach her to ignore people who waste her time.
./data/CommonVoice2_dataset/clips/common_voice_en_656469.mp3,he was learning a lot of new things.
./data/CommonVoice2_dataset/clips/common_voice_en_656470.mp3,it's called the principle of favorability.
./data/CommonVoice2_dataset/clips/common_voice_en_656472.mp3,it had told him to dig where his tears fell.
./data/CommonVoice2_dataset/clips/common_voice_en_656473.mp3,i got drunk yesterday and thought i built a super computer.
./data/CommonVoice2_dataset/clips/common_voice_en_656474.mp3,he just got a new kite for his birthday.
./data/CommonVoice2_dataset/clips/common_voice_en_656475.mp3,and they attacked an empty tent.
./data/CommonVoice2_dataset/clips/common_voice_en_656476.mp3,a monk dressed in black came to the gates.
./data/CommonVoice2_dataset/clips/common_voice_en_656477.mp3,"the caravans had been stopped at giza for some time, waiting for the wars to end."
./data/CommonVoice2_dataset/clips/common_voice_en_656478.mp3,"among these people were a couple of cyclists, a gardener i employed sometimes, and a girl carrying a baby."
./data/CommonVoice2_dataset/clips/common_voice_en_656479.mp3,it was the most delicious wine he had ever tasted.
./data/CommonVoice2_dataset/clips/common_voice_en_17361458.mp3,"""that circus acrobat must have a well-trained vestibular system"", the spectator thought."
./data/CommonVoice2_dataset/clips/common_voice_en_17361460.mp3,"he grew strawberries, so you would not like it."
./data/CommonVoice2_dataset/clips/common_voice_en_17361461.mp3,"without knowing where they went, there's not much we can do but wait."
./data/CommonVoice2_dataset/clips/common_voice_en_17361462.mp3,"you tell me, and i will do it."
./data/CommonVoice2_dataset/clips/common_voice_en_17361465.mp3,"for better physical understanding, let's first recap where the pivot point is."
./data/CommonVoice2_dataset/clips/common_voice_en_17361468.mp3,"give me some carrots and other vegetables, i'm going to feed the rabbits."
./data/CommonVoice2_dataset/clips/common_voice_en_17361469.mp3,"it shouldn't be displayed on any book pages, or should it?"
./data/CommonVoice2_dataset/clips/common_voice_en_17361471.mp3,"no, i have a single mattress and my office floor."
./data/CommonVoice2_dataset/clips/common_voice_en_17361472.mp3,"next time it rains, please call me."
./data/CommonVoice2_dataset/clips/common_voice_en_17361473.mp3,that's not exactly a widely used piece of software.
./data/CommonVoice2_dataset/clips/common_voice_en_17361474.mp3,"i want my garden to be filled with roses, petunias and passion flowers."
./data/CommonVoice2_dataset/clips/common_voice_en_17361475.mp3,"it infuriates me, and i don't know why."
./data/CommonVoice2_dataset/clips/common_voice_en_17361476.mp3,what did you do?
./data/CommonVoice2_dataset/clips/common_voice_en_17361478.mp3,"oh, my dear child!"
./data/CommonVoice2_dataset/clips/common_voice_en_17361480.mp3,what have you got there?
./data/CommonVoice2_dataset/clips/common_voice_en_17361481.mp3,how big can elephants be?
./data/CommonVoice2_dataset/clips/common_voice_en_17361482.mp3,but we never even got close to it?
./data/CommonVoice2_dataset/clips/common_voice_en_17361483.mp3,"after the last patient left, the doctor carefully washed her hands."
./data/CommonVoice2_dataset/clips/common_voice_en_17361484.mp3,but what are we to do?
./data/CommonVoice2_dataset/clips/common_voice_en_17361485.mp3,"i didn't find the blow-dryer, so i just used the vacuum-cleaner."
./data/CommonVoice2_dataset/clips/common_voice_en_17361487.mp3,"the lens was heavy, but it had an amazing zoom."
./data/CommonVoice2_dataset/clips/common_voice_en_17361488.mp3,do you have nina's phone number?
./data/CommonVoice2_dataset/clips/common_voice_en_17361489.mp3,"a wise man doesn't need advice, and a fool won't take it."
./data/CommonVoice2_dataset/clips/common_voice_en_17361490.mp3,what was she to do?
./data/CommonVoice2_dataset/clips/common_voice_en_17361492.mp3,no wonder this vanilla yogurt tastes disgusting: its eat-by date was last year.
./data/CommonVoice2_dataset/clips/common_voice_en_593960.mp3,evidently we're the floor show.
./data/CommonVoice2_dataset/clips/common_voice_en_593961.mp3,does it make sense to have negative weights?
./data/CommonVoice2_dataset/clips/common_voice_en_593962.mp3,"don't fight fire with fire, it would not help."
./data/CommonVoice2_dataset/clips/common_voice_en_593963.mp3,we're going to glasgow next year.
./data/CommonVoice2_dataset/clips/common_voice_en_593964.mp3,keep him in here!
./data/CommonVoice2_dataset/clips/common_voice_en_593965.mp3,"now, i'm scared of what is inside of pies."
./data/CommonVoice2_dataset/clips/common_voice_en_593967.mp3,but can we trust him?
./data/CommonVoice2_dataset/clips/common_voice_en_593968.mp3,dennis was not a business man.
./data/CommonVoice2_dataset/clips/common_voice_en_593969.mp3,and did you put the envelope in your pocket?
./data/CommonVoice2_dataset/clips/common_voice_en_593970.mp3,sandra read aloud the strange excerpt.
./data/CommonVoice2_dataset/clips/common_voice_en_593971.mp3,"in emacs, familiarize yourself with subword mode."
./data/CommonVoice2_dataset/clips/common_voice_en_593972.mp3,my dear regina i hope you are enjoying your holiday.
./data/CommonVoice2_dataset/clips/common_voice_en_593974.mp3,now you listen to me.
./data/CommonVoice2_dataset/clips/common_voice_en_593975.mp3,the driver got knocked cold.
./data/CommonVoice2_dataset/clips/common_voice_en_593977.mp3,this jelly doesn't taste of limes.
./data/CommonVoice2_dataset/clips/common_voice_en_593978.mp3,alison couldn't help but feel pride in her creation.
./data/CommonVoice2_dataset/clips/common_voice_en_593979.mp3,she never told her that.
./data/CommonVoice2_dataset/clips/common_voice_en_593980.mp3,the building has been the home base of the illegal enterprise for decades.
./data/CommonVoice2_dataset/clips/common_voice_en_593981.mp3,the manufacturer recommends it.
./data/CommonVoice2_dataset/clips/common_voice_en_593982.mp3,"darling, i have a gift for you."
./data/CommonVoice2_dataset/clips/common_voice_en_593983.mp3,get martin out of jail!
./data/CommonVoice2_dataset/clips/common_voice_en_593984.mp3,"she put on her slippers, scaled the stairs, and went to bed."
./data/CommonVoice2_dataset/clips/common_voice_en_593985.mp3,don't you see what a wonderful thing this can be?
./data/CommonVoice2_dataset/clips/common_voice_en_593986.mp3,my phone is in my back pocket.
./data/CommonVoice2_dataset/clips/common_voice_en_593987.mp3,it is the most valuable stamp in the world.
./data/CommonVoice2_dataset/clips/common_voice_en_593989.mp3,it always gets me right here.
./data/CommonVoice2_dataset/clips/common_voice_en_17252813.mp3,"nice, genial, jolly."
./data/CommonVoice2_dataset/clips/common_voice_en_17252814.mp3,"hey look, a flying pig!"
./data/CommonVoice2_dataset/clips/common_voice_en_17252815.mp3,do you know what kind of package it was?
./data/CommonVoice2_dataset/clips/common_voice_en_17252816.mp3,"oh dear, oh dear!"
./data/CommonVoice2_dataset/clips/common_voice_en_17252817.mp3,"sooner or later three brothers, three castles."
./data/CommonVoice2_dataset/clips/common_voice_en_17252818.mp3,"lgbt stands for lesbian, gay, bisexual, and transgender."
./data/CommonVoice2_dataset/clips/common_voice_en_17252819.mp3,what does it mean?
./data/CommonVoice2_dataset/clips/common_voice_en_17252820.mp3,"oh, what are you going to when he arrives?"
./data/CommonVoice2_dataset/clips/common_voice_en_17252821.mp3,"lemon trees are not yellow, it's just the fruit."
./data/CommonVoice2_dataset/clips/common_voice_en_17252822.mp3,"because she is diabetic, a low-carbohydrate diet is recommended."
./data/CommonVoice2_dataset/clips/common_voice_en_17252833.mp3,"birds feed their offspring with spiders, worms, slugs and bugs."
./data/CommonVoice2_dataset/clips/common_voice_en_17252835.mp3,does that suit you?
./data/CommonVoice2_dataset/clips/common_voice_en_17252839.mp3,"the diver forced open the oyster, revealing a shimmering pearl."
./data/CommonVoice2_dataset/clips/common_voice_en_17252840.mp3,would you like a cappuccino?
./data/CommonVoice2_dataset/clips/common_voice_en_17252841.mp3,"no, nothing at all."
./data/CommonVoice2_dataset/clips/common_voice_en_17252842.mp3,what does she say?
./data/CommonVoice2_dataset/clips/common_voice_en_17252844.mp3,"work as if everything depends on me, but pray as if everything depends on god."
./data/CommonVoice2_dataset/clips/common_voice_en_17252848.mp3,would you sacrifice the life of a human if this would save many other lives?
./data/CommonVoice2_dataset/clips/common_voice_en_17252850.mp3,"i wanted the doll, but the auction became too expensive."
./data/CommonVoice2_dataset/clips/common_voice_en_17252851.mp3,but what of it?
./data/CommonVoice2_dataset/clips/common_voice_en_17252852.mp3,"""another reason why apple is superior to microsoft"", the troll posted and grabbed some popcorn for the subsequent flame war."
./data/CommonVoice2_dataset/clips/common_voice_en_17252853.mp3,where did that come from?
./data/CommonVoice2_dataset/clips/common_voice_en_17252855.mp3,"""don't know,"" was the reply."
./data/CommonVoice2_dataset/clips/common_voice_en_17252856.mp3,"as a workaround, we could use application specific profiles."
./data/CommonVoice2_dataset/clips/common_voice_en_17252861.mp3,"doves sprouted, then escaped from various oversized pockets, some trailing handkerchiefs or bunting."
./data/CommonVoice2_dataset/clips/common_voice_en_17252862.mp3,"""let's prepare for the picnic!"", said abigail."
./data/CommonVoice2_dataset/clips/common_voice_en_17252863.mp3,"no, but it is nice to meet you."
./data/CommonVoice2_dataset/clips/common_voice_en_17252867.mp3,what could it mean?
./data/CommonVoice2_dataset/clips/common_voice_en_17252868.mp3,"one man's loss, is another man's gain."
./data/CommonVoice2_dataset/clips/common_voice_en_17252869.mp3,"believe it or not, this peanut butter is homemade."
./data/CommonVoice2_dataset/clips/common_voice_en_17252870.mp3,where did charlotte leave her keys?
./data/CommonVoice2_dataset/clips/common_voice_en_17252871.mp3,"the family that prays together, stays together."
./data/CommonVoice2_dataset/clips/common_voice_en_17885570.mp3,be sure to set that lamp firmly in the hole.
./data/CommonVoice2_dataset/clips/common_voice_en_17885571.mp3,the water in this well is a source of good health.
./data/CommonVoice2_dataset/clips/common_voice_en_17885572.mp3,fly by night and you waste little time.
./data/CommonVoice2_dataset/clips/common_voice_en_17885573.mp3,fill your pack with bright trinkets for the poor.
./data/CommonVoice2_dataset/clips/common_voice_en_17885580.mp3,fill the ink jar with sticky glue.
./data/CommonVoice2_dataset/clips/common_voice_en_17885581.mp3,how did you get here?
./data/CommonVoice2_dataset/clips/common_voice_en_17885583.mp3,where were they when the noise started.
./data/CommonVoice2_dataset/clips/common_voice_en_17885584.mp3,this plank was made for walking on.
./data/CommonVoice2_dataset/clips/common_voice_en_17885585.mp3,there's no accounting for tastes.
./data/CommonVoice2_dataset/clips/common_voice_en_17885586.mp3,seed is needed to plant the spring corn.
./data/CommonVoice2_dataset/clips/common_voice_en_17885588.mp3,delete this file.
./data/CommonVoice2_dataset/clips/common_voice_en_17885589.mp3,strike while the iron is hot make hay while the sun shines.
./data/CommonVoice2_dataset/clips/common_voice_en_17885591.mp3,how far is it?
./data/CommonVoice2_dataset/clips/common_voice_en_17885592.mp3,i'll catch a bus.
./data/CommonVoice2_dataset/clips/common_voice_en_17885593.mp3,what do you make of that?
./data/CommonVoice2_dataset/clips/common_voice_en_17885595.mp3,i recommend using a spell checker to avoid such typos henceforth.
./data/CommonVoice2_dataset/clips/common_voice_en_17885598.mp3,it was now near midnight.
./data/CommonVoice2_dataset/clips/common_voice_en_17885599.mp3,grape juice and water mix well.
./data/CommonVoice2_dataset/clips/common_voice_en_17885605.mp3,one good turn deserves.
./data/CommonVoice2_dataset/clips/common_voice_en_17885606.mp3,she did not answer.
./data/CommonVoice2_dataset/clips/common_voice_en_17885608.mp3,the bartender went to the keypad to unlock the entrance to the cellar storeroom.
./data/CommonVoice2_dataset/clips/common_voice_en_17885610.mp3,the cannibal was looking for another victim to appease his appetite.
./data/CommonVoice2_dataset/clips/common_voice_en_17885613.mp3,don't be so silly!
./data/CommonVoice2_dataset/clips/common_voice_en_17885614.mp3,the big red apple fell to the ground.
./data/CommonVoice2_dataset/clips/common_voice_en_17885616.mp3,dunk the stale biscuits into strong drink.
./data/CommonVoice2_dataset/clips/common_voice_en_17885618.mp3,how did he look?
./data/CommonVoice2_dataset/clips/common_voice_en_17885622.mp3,"well, what do you want?"
./data/CommonVoice2_dataset/clips/common_voice_en_17885623.mp3,it shall be done!
./data/CommonVoice2_dataset/clips/common_voice_en_17885624.mp3,the baby is due next week.
./data/CommonVoice2_dataset/clips/common_voice_en_17885629.mp3,he who rises late must trot all day.
./data/CommonVoice2_dataset/clips/common_voice_en_17886211.mp3,save a thief from the gallows and he will cut your throat.
./data/CommonVoice2_dataset/clips/common_voice_en_17886212.mp3,"margaret was on her knees, begging melissa to change her mind."
./data/CommonVoice2_dataset/clips/common_voice_en_17886214.mp3,today i'm making the internet more inclusive.
./data/CommonVoice2_dataset/clips/common_voice_en_546030.mp3,"when the sun sets, the men will once again surrender their arms to me."
./data/CommonVoice2_dataset/clips/common_voice_en_546031.mp3,"""we're refugees from the tribal wars, and we need money,"" the other figure said."
./data/CommonVoice2_dataset/clips/common_voice_en_546032.mp3,"then suddenly, they kneel and die."
./data/CommonVoice2_dataset/clips/common_voice_en_546033.mp3,it was just that he couldn't grasp what it meant.
./data/CommonVoice2_dataset/clips/common_voice_en_546034.mp3,"they never have to make any decisions, he thought."
./data/CommonVoice2_dataset/clips/common_voice_en_546035.mp3,"finally, a young woman approached who was not dressed in black."
./data/CommonVoice2_dataset/clips/common_voice_en_546036.mp3,"i pointed out mars, a bright dot of light."
./data/CommonVoice2_dataset/clips/common_voice_en_546037.mp3,"he is going to transform himself into the wind, just to demonstrate his powers."
./data/CommonVoice2_dataset/clips/common_voice_en_546038.mp3,the sun was turned into a golden disk.
./data/CommonVoice2_dataset/clips/common_voice_en_546039.mp3,the boy knew a lot of people in the city.
./data/CommonVoice2_dataset/clips/common_voice_en_546040.mp3,and that's where the power of love comes in.
./data/CommonVoice2_dataset/clips/common_voice_en_546041.mp3,but the boy was quiet.
./data/CommonVoice2_dataset/clips/common_voice_en_546042.mp3,"he had used the two stones only once, one morning when he was at a marketplace."
./data/CommonVoice2_dataset/clips/common_voice_en_546043.mp3,"if you know your heart well, it will never be able to do that to you."
./data/CommonVoice2_dataset/clips/common_voice_en_546044.mp3,i told him that was what i had come here to learn.
./data/CommonVoice2_dataset/clips/common_voice_en_546045.mp3,his father said no more.
./data/CommonVoice2_dataset/clips/common_voice_en_546046.mp3,he wrapped the twigs in a piece of cloth and put them back in his bag.
./data/CommonVoice2_dataset/clips/common_voice_en_546047.mp3,it must have fallen while i was sitting over there.
./data/CommonVoice2_dataset/clips/common_voice_en_546048.mp3,"""it doesn't matter,"" he said to his sheep."
./data/CommonVoice2_dataset/clips/common_voice_en_546049.mp3,he wasn't asking for help.
./data/CommonVoice2_dataset/clips/common_voice_en_546050.mp3,i only interpret dreams.
./data/CommonVoice2_dataset/clips/common_voice_en_546051.mp3,just handling them made him feel better.
./data/CommonVoice2_dataset/clips/common_voice_en_546052.mp3,the englishman asked if they were in danger.
./data/CommonVoice2_dataset/clips/common_voice_en_546053.mp3,"""i don't understand what you're talking about,"" the desert said."
./data/CommonVoice2_dataset/clips/common_voice_en_546054.mp3,and their eyes spoke of death.
./data/CommonVoice2_dataset/clips/common_voice_en_546055.mp3,"""don't let them see that you're afraid,"" the alchemist said."
./data/CommonVoice2_dataset/clips/common_voice_en_546056.mp3,let me tell you what will happen.
./data/CommonVoice2_dataset/clips/common_voice_en_546057.mp3,that's what alchemists do.
./data/CommonVoice2_dataset/clips/common_voice_en_546058.mp3,the old man looked disappointed.
./data/CommonVoice2_dataset/clips/common_voice_en_546059.mp3,henderson was taking it in.
./data/CommonVoice2_dataset/clips/common_voice_en_546060.mp3,"""what are these things?"" he asked."
./data/CommonVoice2_dataset/clips/common_voice_en_546061.mp3,tangier is not like the rest of africa.
./data/CommonVoice2_dataset/clips/common_voice_en_546062.mp3,the boy awoke before dawn.
./data/CommonVoice2_dataset/clips/common_voice_en_546063.mp3,"""it's the emerald tablet,"" said the englishman, proud that he might teach something to the boy."
./data/CommonVoice2_dataset/clips/common_voice_en_1466769.mp3,i could hear a man crying out in pain in the dentist's office.
./data/CommonVoice2_dataset/clips/common_voice_en_1466770.mp3,she sinks to the ground.
./data/CommonVoice2_dataset/clips/common_voice_en_1466771.mp3,pull the hook to toggle the jukebox.
./data/CommonVoice2_dataset/clips/common_voice_en_1466772.mp3,the boy shook his head.
./data/CommonVoice2_dataset/clips/common_voice_en_1466773.mp3,he stole the pin to her bank account.
./data/CommonVoice2_dataset/clips/common_voice_en_1466774.mp3,why didn't you phone me up?
./data/CommonVoice2_dataset/clips/common_voice_en_1466775.mp3,the salt breeze came across from the sea.
./data/CommonVoice2_dataset/clips/common_voice_en_1466776.mp3,five years he lived with a shaggy dog.
./data/CommonVoice2_dataset/clips/common_voice_en_1466777.mp3,the prolific developer contributed more than a thousand commits until today.
./data/CommonVoice2_dataset/clips/common_voice_en_1466778.mp3,how much will it cost.
./data/CommonVoice2_dataset/clips/common_voice_en_1466780.mp3,fill the ink jar with sticky glue.
./data/CommonVoice2_dataset/clips/common_voice_en_1466781.mp3,bravery is the ability to overcome fear.
./data/CommonVoice2_dataset/clips/common_voice_en_1466782.mp3,hell is paved with good intentions
./data/CommonVoice2_dataset/clips/common_voice_en_1466783.mp3,fairy tales should be fun to write.
./data/CommonVoice2_dataset/clips/common_voice_en_1466784.mp3,i cannot do that.
./data/CommonVoice2_dataset/clips/common_voice_en_1466785.mp3,"flick that switch for me, will you?"
./data/CommonVoice2_dataset/clips/common_voice_en_1466786.mp3,where did they come from?
./data/CommonVoice2_dataset/clips/common_voice_en_1466787.mp3,emoticons are familiar to everyone nowadays.
./data/CommonVoice2_dataset/clips/common_voice_en_1466788.mp3,mud was spattered on the front of his white shirt.
./data/CommonVoice2_dataset/clips/common_voice_en_1466789.mp3,downtown is a scary place to live.
./data/CommonVoice2_dataset/clips/common_voice_en_1466790.mp3,the streaming portal uses the mpeg-4 video codec.
./data/CommonVoice2_dataset/clips/common_voice_en_1466791.mp3,better hash is made of rare beef.
./data/CommonVoice2_dataset/clips/common_voice_en_1466792.mp3,let's go hiking across france.
./data/CommonVoice2_dataset/clips/common_voice_en_1466793.mp3,it was a very warm october.
./data/CommonVoice2_dataset/clips/common_voice_en_1466794.mp3,he restarted his efforts for the twentieth time.
./data/CommonVoice2_dataset/clips/common_voice_en_1466797.mp3,the fin was sharp and cut the clear water.
./data/CommonVoice2_dataset/clips/common_voice_en_1466798.mp3,"mommy, can we have a puppy please?"
./data/CommonVoice2_dataset/clips/common_voice_en_1466799.mp3,you are so rude!
./data/CommonVoice2_dataset/clips/common_voice_en_1466800.mp3,he offered the kids some ice-cream.
./data/CommonVoice2_dataset/clips/common_voice_en_1466801.mp3,everything looked diffuse after she took the narcotic.
./data/CommonVoice2_dataset/clips/common_voice_en_1466803.mp3,i'd add a separate subsection which deals with this aspect.
./data/CommonVoice2_dataset/clips/common_voice_en_1466806.mp3,salim moved from india to the netherlands.
./data/CommonVoice2_dataset/clips/common_voice_en_1466808.mp3,as hard as nails.
./data/CommonVoice2_dataset/clips/common_voice_en_1466809.mp3,"lifeguards were standing on a tower, staring at the water."
./data/CommonVoice2_dataset/clips/common_voice_en_1466810.mp3,i do not know.
./data/CommonVoice2_dataset/clips/common_voice_en_630310.mp3,two men playing a bass and a guitar singing a song.
./data/CommonVoice2_dataset/clips/common_voice_en_630311.mp3,child standing in a snowy landscape pulling down a snowcovered tree branch.
./data/CommonVoice2_dataset/clips/common_voice_en_630312.mp3,an asian man sleeps in a chair outdoors.
./data/CommonVoice2_dataset/clips/common_voice_en_630313.mp3,two people just got done shopping for produce.
./data/CommonVoice2_dataset/clips/common_voice_en_630314.mp3,girls in blue dresses are holding large blue cloths.
./data/CommonVoice2_dataset/clips/common_voice_en_630315.mp3,all work and no play makes jack a dull boy.
./data/CommonVoice2_dataset/clips/common_voice_en_630316.mp3,a woman in a race is running past photographers.
./data/CommonVoice2_dataset/clips/common_voice_en_630317.mp3,that saved his life.
./data/CommonVoice2_dataset/clips/common_voice_en_630318.mp3,a horse bucking wildly
./data/CommonVoice2_dataset/clips/common_voice_en_630319.mp3,a shower of dirt fell from the hot pipes.
./data/CommonVoice2_dataset/clips/common_voice_en_630320.mp3,that's what i am.
./data/CommonVoice2_dataset/clips/common_voice_en_630321.mp3,a blondhaired women tennis player hitting the tennis ball.
./data/CommonVoice2_dataset/clips/common_voice_en_630322.mp3,several young people gather in the library to hear others speak.
./data/CommonVoice2_dataset/clips/common_voice_en_630323.mp3,"a red and silver muscle car, waits to start a drag race."
./data/CommonVoice2_dataset/clips/common_voice_en_630324.mp3,a woman in sunglasses in an antique shop.
./data/CommonVoice2_dataset/clips/common_voice_en_630325.mp3,a woman carrying two watermelons and a handbag on a city street.
./data/CommonVoice2_dataset/clips/common_voice_en_630326.mp3,a very ripped girl holds a large barbell on her shoulder in a gym.
./data/CommonVoice2_dataset/clips/common_voice_en_630327.mp3,a skater is in the air and doing a trick with skyscrapers in the background.
./data/CommonVoice2_dataset/clips/common_voice_en_630328.mp3,three people sitting in front of stone statues wearing a monkey and goblin mask.
./data/CommonVoice2_dataset/clips/common_voice_en_630330.mp3,people walking up and down on a crowded street in the daytime.
./data/CommonVoice2_dataset/clips/common_voice_en_630331.mp3,a group of scottish officers doing a demonstration.
./data/CommonVoice2_dataset/clips/common_voice_en_630332.mp3,a policeman on a white horse are patrolling the streets of the city.
./data/CommonVoice2_dataset/clips/common_voice_en_630333.mp3,a man wearing a blue shirt holds up a piece of art.
./data/CommonVoice2_dataset/clips/common_voice_en_630334.mp3,a man working on a computer at work.
./data/CommonVoice2_dataset/clips/common_voice_en_630335.mp3,a man is skating down a rail above some steps.
./data/CommonVoice2_dataset/clips/common_voice_en_630336.mp3,a man in a black shirt is looking at a bike in a workshop.
./data/CommonVoice2_dataset/clips/common_voice_en_630337.mp3,three catamaran boats are in close proximity to each other as they race near a bridge.
./data/CommonVoice2_dataset/clips/common_voice_en_630338.mp3,two scantilycostumed girls are walking along a city street.
./data/CommonVoice2_dataset/clips/common_voice_en_630340.mp3,person in checked shirt riding unicycle while crowd watches.
./data/CommonVoice2_dataset/clips/common_voice_en_630341.mp3,a young toddler listens to a cellphone.
./data/CommonVoice2_dataset/clips/common_voice_en_630342.mp3,a young man sitting and petting his dog
./data/CommonVoice2_dataset/clips/common_voice_en_630343.mp3,a young child is playing in a fountain.
./data/CommonVoice2_dataset/clips/common_voice_en_630344.mp3,a young woman is upsidedown during a flip above a cement street while a crowd watches.
./data/CommonVoice2_dataset/clips/common_voice_en_630345.mp3,"two men are standing against a brick wall, one is one a cellphone."
./data/CommonVoice2_dataset/clips/common_voice_en_630346.mp3,several people talking and spending time together in a room.
./data/CommonVoice2_dataset/clips/common_voice_en_630347.mp3,young boy leaps from a platform at a fenced in playgroud
./data/CommonVoice2_dataset/clips/common_voice_en_630348.mp3,kids are walking across a field in red clothes.
./data/CommonVoice2_dataset/clips/common_voice_en_630349.mp3,two children standing in swimwear standing together in the sand.
./data/CommonVoice2_dataset/clips/common_voice_en_630350.mp3,a young woman in tight pants talks to a man in the street.
./data/CommonVoice2_dataset/clips/common_voice_en_630351.mp3,pedestrians cross the street at a red light.
./data/CommonVoice2_dataset/clips/common_voice_en_17291425.mp3,"never advertise razors by shaving a monkey, it's cruel and results in lawsuits."
./data/CommonVoice2_dataset/clips/common_voice_en_17291426.mp3,"the thing is, nobody knew what was happening."
./data/CommonVoice2_dataset/clips/common_voice_en_17291427.mp3,what do you mean?
./data/CommonVoice2_dataset/clips/common_voice_en_17291428.mp3,"no, i don't want to be a pilot."
./data/CommonVoice2_dataset/clips/common_voice_en_17291429.mp3,what did it mean?
./data/CommonVoice2_dataset/clips/common_voice_en_17291430.mp3,and who are you?
./data/CommonVoice2_dataset/clips/common_voice_en_17291431.mp3,"you can't do that, it is written in our contract."
./data/CommonVoice2_dataset/clips/common_voice_en_17291432.mp3,"it's such an unfair world, innit?"
./data/CommonVoice2_dataset/clips/common_voice_en_17291433.mp3,"even the weak, when united, become powerful."
./data/CommonVoice2_dataset/clips/common_voice_en_17291434.mp3,you have a couch?
./data/CommonVoice2_dataset/clips/common_voice_en_17291435.mp3,"yeah, i was in a wheel chair for months."
./data/CommonVoice2_dataset/clips/common_voice_en_17291436.mp3,"according to the dictionary, the word ""gizmo"" means the same as ""gadget""."
./data/CommonVoice2_dataset/clips/common_voice_en_17291437.mp3,"oh my god, they killed kenny!"
./data/CommonVoice2_dataset/clips/common_voice_en_17291438.mp3,"for better physical understanding, let's first recap where the pivot point is."
./data/CommonVoice2_dataset/clips/common_voice_en_17291439.mp3,"at the airport, the woman threw herself into revision for college so she could experience university."
./data/CommonVoice2_dataset/clips/common_voice_en_17291440.mp3,"the penguin waddles across the ice, joining her companions."
./data/CommonVoice2_dataset/clips/common_voice_en_17291441.mp3,"yes, it would be difficult."
./data/CommonVoice2_dataset/clips/common_voice_en_17291442.mp3,"a musical note sustained to its full length, with no break between it and the next note."
./data/CommonVoice2_dataset/clips/common_voice_en_17291443.mp3,"in this case, another block is added to the message."
./data/CommonVoice2_dataset/clips/common_voice_en_17291444.mp3,could you issue us one perchance?
./data/CommonVoice2_dataset/clips/common_voice_en_17291446.mp3,does this mean you're willing to talk to me?
./data/CommonVoice2_dataset/clips/common_voice_en_17291447.mp3,"marry in haste, repent at leisure."
./data/CommonVoice2_dataset/clips/common_voice_en_17291448.mp3,don't you know it?
./data/CommonVoice2_dataset/clips/common_voice_en_17291449.mp3,"well, what is it?"
./data/CommonVoice2_dataset/clips/common_voice_en_17291450.mp3,"if you release the clutch too quickly, the engine will stall."
./data/CommonVoice2_dataset/clips/common_voice_en_17291452.mp3,don't you understand me?
./data/CommonVoice2_dataset/clips/common_voice_en_17291453.mp3,"pork cutlet is also very tasty, but our religion does not allow us to eat it."
./data/CommonVoice2_dataset/clips/common_voice_en_17291455.mp3,"good wine ruins the purse, and bad wine ruins the stomach."
./data/CommonVoice2_dataset/clips/common_voice_en_17291456.mp3,why should you not?
./data/CommonVoice2_dataset/clips/common_voice_en_17291457.mp3,"deeds are fruits, words are but leaves."
./data/CommonVoice2_dataset/clips/common_voice_en_17291458.mp3,"you know, he is an honest man."
./data/CommonVoice2_dataset/clips/common_voice_en_17291459.mp3,"well, there's a big difference in sound."
./data/CommonVoice2_dataset/clips/common_voice_en_17291461.mp3,"soon ripe, soon rot."
./data/CommonVoice2_dataset/clips/common_voice_en_17291462.mp3,"i think it came in a long, red box."
./data/CommonVoice2_dataset/clips/common_voice_en_17291463.mp3,how did you know?
./data/CommonVoice2_dataset/clips/common_voice_en_17291464.mp3,what did you do?
./data/CommonVoice2_dataset/clips/common_voice_en_17360298.mp3,"this beer has been brewed in germany, more specifically in bavaria."
./data/CommonVoice2_dataset/clips/common_voice_en_17360300.mp3,do you notice the flickering of the neon lights?
./data/CommonVoice2_dataset/clips/common_voice_en_17360301.mp3,do male kangaroos have a pouch?
./data/CommonVoice2_dataset/clips/common_voice_en_17360302.mp3,what do you want here?
./data/CommonVoice2_dataset/clips/common_voice_en_17360303.mp3,what have you got there?
./data/CommonVoice2_dataset/clips/common_voice_en_17360304.mp3,"sorry, i'll explain more when i actually understand what's going on."
./data/CommonVoice2_dataset/clips/common_voice_en_17360305.mp3,and what did she say?
./data/CommonVoice2_dataset/clips/common_voice_en_17360306.mp3,"in general, people have difficulties estimating risks correctly."
./data/CommonVoice2_dataset/clips/common_voice_en_43443.mp3,three white dogs are near a black llama.
./data/CommonVoice2_dataset/clips/common_voice_en_43444.mp3,a dirt biker rides up a rocky hill on a motorized dirt bike.
./data/CommonVoice2_dataset/clips/common_voice_en_43448.mp3,a man is falling off of his surfboard as he falls into a wave in the ocean.
./data/CommonVoice2_dataset/clips/common_voice_en_43449.mp3,man in white cleans the floor.
./data/CommonVoice2_dataset/clips/common_voice_en_43450.mp3,shirtless man wearing blue pants painting bottom of swimming pool.
./data/CommonVoice2_dataset/clips/common_voice_en_43451.mp3,a man in a white shirt carries a drum as he talks to two other men.
./data/CommonVoice2_dataset/clips/common_voice_en_43452.mp3,a girl is making a painting on the sidewalk with people watching
./data/CommonVoice2_dataset/clips/common_voice_en_43453.mp3,a woman in a white dress sits while another woman blow dries her hair.
./data/CommonVoice2_dataset/clips/common_voice_en_43454.mp3,a man walking in front of a black cement wall with a bag on his shoulder.
./data/CommonVoice2_dataset/clips/common_voice_en_43455.mp3,a man with a backpack climbs over many rocks.
./data/CommonVoice2_dataset/clips/common_voice_en_43456.mp3,two young men are playing a board game with tiles and colorful pieces.
./data/CommonVoice2_dataset/clips/common_voice_en_43458.mp3,a fluffy dog looking at a yellow chew toy.
./data/CommonVoice2_dataset/clips/common_voice_en_43461.mp3,a man with his back turned standing on some stairs.
./data/CommonVoice2_dataset/clips/common_voice_en_43463.mp3,a boy pointing at the number one and gesturing the number one with his finger.
./data/CommonVoice2_dataset/clips/common_voice_en_43465.mp3,a group of people are rafting on river rapids.
./data/CommonVoice2_dataset/clips/common_voice_en_43467.mp3,a man shines shoes on a busy sidewalk.
./data/CommonVoice2_dataset/clips/common_voice_en_43468.mp3,the blond woman in the jean jacket clenched her fists as she walked away.
./data/CommonVoice2_dataset/clips/common_voice_en_43469.mp3,"girl with crossed arms stands in stone corridor, seated figure in background."
./data/CommonVoice2_dataset/clips/common_voice_en_43470.mp3,a bunch of people are standing or sitting in a snow valley.
./data/CommonVoice2_dataset/clips/common_voice_en_43472.mp3,a man is getting ready to hit a tennis ball.
./data/CommonVoice2_dataset/clips/common_voice_en_43473.mp3,an artist is working on a canvas next to a handpainted car.
./data/CommonVoice2_dataset/clips/common_voice_en_43474.mp3,a boy standing next to a small field fire and a boy running away from it.
./data/CommonVoice2_dataset/clips/common_voice_en_43482.mp3,a person running down the road
./data/CommonVoice2_dataset/clips/common_voice_en_43483.mp3,two young girls talking to a man in a van.
./data/CommonVoice2_dataset/clips/common_voice_en_43484.mp3,people outside in a field harvesting something.
./data/CommonVoice2_dataset/clips/common_voice_en_43485.mp3,there is a man singing and a guy playing guitar in front of a crowd.
./data/CommonVoice2_dataset/clips/common_voice_en_43487.mp3,a woman is smiling as she plays around with another woman.
./data/CommonVoice2_dataset/clips/common_voice_en_43489.mp3,man putting on a performance for the kids.
./data/CommonVoice2_dataset/clips/common_voice_en_43490.mp3,dog with big collar running.
./data/CommonVoice2_dataset/clips/common_voice_en_43491.mp3,two dogs run through a field.
./data/CommonVoice2_dataset/clips/common_voice_en_43492.mp3,a child with an orange backpack holding a green and red painted bird house.
./data/CommonVoice2_dataset/clips/common_voice_en_43494.mp3,a man and woman are birdwatching.
./data/CommonVoice2_dataset/clips/common_voice_en_43495.mp3,the young child in the black shirt and jeans ran down the path.
./data/CommonVoice2_dataset/clips/common_voice_en_43496.mp3,older man in blue shirt rest on a bench.
./data/CommonVoice2_dataset/clips/common_voice_en_43497.mp3,two people in a canoe on the waterside during sunset.
./data/CommonVoice2_dataset/clips/common_voice_en_43498.mp3,four musicians performing on the street.
./data/CommonVoice2_dataset/clips/common_voice_en_43499.mp3,"an asian woman working for ups packaging, her job."
./data/CommonVoice2_dataset/clips/common_voice_en_43502.mp3,a woman stands behind a clear counter behind a large display of desserts.
./data/CommonVoice2_dataset/clips/common_voice_en_43503.mp3,a group of young people about to perform in front of an audience.
./data/CommonVoice2_dataset/clips/common_voice_en_43505.mp3,a man is holding a santa clause statue over his head.
./data/CommonVoice2_dataset/clips/common_voice_en_43506.mp3,workers in the london underground.
./data/CommonVoice2_dataset/clips/common_voice_en_43507.mp3,someone washing dishes with latex gloves on in a metal sink.
./data/CommonVoice2_dataset/clips/common_voice_en_43508.mp3,three men enjoying alcohol and food.
./data/CommonVoice2_dataset/clips/common_voice_en_43510.mp3,a bunch of young girls are walking in the sand.
./data/CommonVoice2_dataset/clips/common_voice_en_43511.mp3,a woman with a shopping cart is rummaging through a trashcan.
./data/CommonVoice2_dataset/clips/common_voice_en_43513.mp3,a father with his son on his shoulders walking through a park.
./data/CommonVoice2_dataset/clips/common_voice_en_43516.mp3,a man is rising an unusual stepping bike outside in front of a firetruck.
./data/CommonVoice2_dataset/clips/common_voice_en_43518.mp3,a black dog and a white dog run across a field behind a house.
./data/CommonVoice2_dataset/clips/common_voice_en_43519.mp3,young man with a blue shirt on and rollerblades performs a trick off the wall.
./data/CommonVoice2_dataset/clips/common_voice_en_43520.mp3,a girl leaping into the air in front of the white house.
./data/CommonVoice2_dataset/clips/common_voice_en_43522.mp3,topsy-turvy steamboat
./data/CommonVoice2_dataset/clips/common_voice_en_17896027.mp3,"great, can you show them to me?"
./data/CommonVoice2_dataset/clips/common_voice_en_17896028.mp3,scientists believe the solar system formed around four point six billion years ago.
./data/CommonVoice2_dataset/clips/common_voice_en_17896030.mp3,the sun shines on both sides of the hedge.
./data/CommonVoice2_dataset/clips/common_voice_en_17896031.mp3,there was a pause.
./data/CommonVoice2_dataset/clips/common_voice_en_17896032.mp3,get out of this!
./data/CommonVoice2_dataset/clips/common_voice_en_17896056.mp3,in some form or other we need fun.
./data/CommonVoice2_dataset/clips/common_voice_en_17896057.mp3,detach the hydrogen atom from the cyanide molecule.
./data/CommonVoice2_dataset/clips/common_voice_en_17896058.mp3,footprints of mud and clay were on the floor.
./data/CommonVoice2_dataset/clips/common_voice_en_17896059.mp3,better to wear out than rust out.
./data/CommonVoice2_dataset/clips/common_voice_en_17896060.mp3,loop the braid to the left and then over.
./data/CommonVoice2_dataset/clips/common_voice_en_17896066.mp3,a white silk jacket goes with any shoes.
./data/CommonVoice2_dataset/clips/common_voice_en_17896067.mp3,we tried to replace the coin but failed.
./data/CommonVoice2_dataset/clips/common_voice_en_17896068.mp3,crouch before you jump or miss the mark.
./data/CommonVoice2_dataset/clips/common_voice_en_17896069.mp3,the queen of denmark was born in nineteen-fourty.
./data/CommonVoice2_dataset/clips/common_voice_en_17896070.mp3,that is the address in the address book under his name.
./data/CommonVoice2_dataset/clips/common_voice_en_17896076.mp3,i had no idea.
./data/CommonVoice2_dataset/clips/common_voice_en_17896077.mp3,kathleen loves to dress up like a princess.
./data/CommonVoice2_dataset/clips/common_voice_en_17896078.mp3,listen and silent are anagrams.
./data/CommonVoice2_dataset/clips/common_voice_en_17896079.mp3,how long have you been experiencing these symptoms?
./data/CommonVoice2_dataset/clips/common_voice_en_17896080.mp3,the screen before the fire kept in the sparks.
./data/CommonVoice2_dataset/clips/common_voice_en_17896081.mp3,nothing to be seen!
./data/CommonVoice2_dataset/clips/common_voice_en_17896082.mp3,this investment won't pay off.
./data/CommonVoice2_dataset/clips/common_voice_en_17896083.mp3,don't blow your own trumpet.
./data/CommonVoice2_dataset/clips/common_voice_en_17896084.mp3,she was not there.
./data/CommonVoice2_dataset/clips/common_voice_en_17896085.mp3,the mines had been ran by the city council.
./data/CommonVoice2_dataset/clips/common_voice_en_17896086.mp3,the best ground bears weeds as well as flowers.
./data/CommonVoice2_dataset/clips/common_voice_en_17896087.mp3,i could go on for days about the delicious wines produced in this part of the world.
./data/CommonVoice2_dataset/clips/common_voice_en_17896088.mp3,before you meet the handsome prince you have to kiss a lot of toads.
./data/CommonVoice2_dataset/clips/common_voice_en_17896089.mp3,life begins at forty.
./data/CommonVoice2_dataset/clips/common_voice_en_17896090.mp3,that is the question.
./data/CommonVoice2_dataset/clips/common_voice_en_17896116.mp3,let's all join as we sing the last chorus.
./data/CommonVoice2_dataset/clips/common_voice_en_17896117.mp3,"i have never seen this approach to this issue, but it might work."
./data/CommonVoice2_dataset/clips/common_voice_en_17896118.mp3,many different classes of statistical tests have been considered in the literature.
./data/CommonVoice2_dataset/clips/common_voice_en_17896119.mp3,he looked at his watch.
./data/CommonVoice2_dataset/clips/common_voice_en_17896120.mp3,the name given in spain and portugal.
./data/CommonVoice2_dataset/clips/common_voice_en_17896792.mp3,stay where you are.
./data/CommonVoice2_dataset/clips/common_voice_en_17896793.mp3,i'm going with clara to buy some pillows and bolsters.
./data/CommonVoice2_dataset/clips/common_voice_en_17896794.mp3,control an active connection multiplexing master process.
./data/CommonVoice2_dataset/clips/common_voice_en_17896795.mp3,fabian does not like pepper.
./data/CommonVoice2_dataset/clips/common_voice_en_17896796.mp3,"i pressed the button for my nurse, but he did not come."
./data/CommonVoice2_dataset/clips/common_voice_en_17897878.mp3,"i'm definitely out of practice actually writing stuff, too."
./data/CommonVoice2_dataset/clips/common_voice_en_17897879.mp3,the hot gas has many molecules in the upper excited states.
./data/CommonVoice2_dataset/clips/common_voice_en_17897880.mp3,the store walls were lined with colored frocks.
./data/CommonVoice2_dataset/clips/common_voice_en_17897881.mp3,the twenty million dollar project is projected to be finished in eight weeks.
./data/CommonVoice2_dataset/clips/common_voice_en_17897882.mp3,leaves turn brown and yellow in the fall.
./data/CommonVoice2_dataset/clips/common_voice_en_17928062.mp3,wisdom is better than strength.
./data/CommonVoice2_dataset/clips/common_voice_en_17928063.mp3,the daffodils were like a carpet in the back garden.
./data/CommonVoice2_dataset/clips/common_voice_en_17928064.mp3,you forgot about the key signature for the first three measures.
./data/CommonVoice2_dataset/clips/common_voice_en_17928065.mp3,have you ever been to singapore?
./data/CommonVoice2_dataset/clips/common_voice_en_17928066.mp3,divide and conquer.
./data/CommonVoice2_dataset/clips/common_voice_en_17928067.mp3,i am rubber and you are glue. your words bounce off me and stick to you.
./data/CommonVoice2_dataset/clips/common_voice_en_17928068.mp3,adding fast leads to wrong sums.
./data/CommonVoice2_dataset/clips/common_voice_en_17928069.mp3,pizza is an italian classic.
./data/CommonVoice2_dataset/clips/common_voice_en_17928070.mp3,i shall never forget it.
./data/CommonVoice2_dataset/clips/common_voice_en_17928071.mp3,"it's important that everyone, especially little guys, can participate in the future of the internet."
./data/CommonVoice2_dataset/clips/common_voice_en_17928072.mp3,out of the frying pan into the fire.
./data/CommonVoice2_dataset/clips/common_voice_en_17928073.mp3,mighty oaks from tiny acorns grow.
./data/CommonVoice2_dataset/clips/common_voice_en_17928074.mp3,worse and worse.
./data/CommonVoice2_dataset/clips/common_voice_en_17928075.mp3,the best things in life are free.
./data/CommonVoice2_dataset/clips/common_voice_en_17928076.mp3,"as a workaround, we could use application specific profiles."
./data/CommonVoice2_dataset/clips/common_voice_en_681544.mp3,my review of the sun: one star.
./data/CommonVoice2_dataset/clips/common_voice_en_681545.mp3,i'm never more aware of a room's acoustics than when i'm trying to enjoy a snack i have no intention of sharing.
./data/CommonVoice2_dataset/clips/common_voice_en_681546.mp3,"of course, the two were unable to do anything."
./data/CommonVoice2_dataset/clips/common_voice_en_681547.mp3,and it knew nothing about love.
./data/CommonVoice2_dataset/clips/common_voice_en_681549.mp3,"it was, however, still so hot from its flight through the air."
./data/CommonVoice2_dataset/clips/common_voice_en_681550.mp3,"if you can concentrate always on the present, you'll be a happy man."
./data/CommonVoice2_dataset/clips/common_voice_en_681551.mp3,i shall make us some ice cubes.
./data/CommonVoice2_dataset/clips/common_voice_en_681552.mp3,i would have won the junior olympics if not for those medaling kids.
./data/CommonVoice2_dataset/clips/common_voice_en_681553.mp3,but horses tire bit by bit.
./data/CommonVoice2_dataset/clips/common_voice_en_681554.mp3,"you'll live, and you'll learn that a man shouldn't be so stupid."
./data/CommonVoice2_dataset/clips/common_voice_en_681555.mp3,"""the desert fills men's hearts with visions,"" the camel driver answered."
./data/CommonVoice2_dataset/clips/common_voice_en_681556.mp3,"""lots of places sell tea around here,"" the merchant said."
./data/CommonVoice2_dataset/clips/common_voice_en_681557.mp3,then suddenly he noticed it with a start.
./data/CommonVoice2_dataset/clips/common_voice_en_681558.mp3,he stood irresolute for a moment and then scrambled out of the pit.
./data/CommonVoice2_dataset/clips/common_voice_en_681559.mp3,the monk was irritated.
./data/CommonVoice2_dataset/clips/common_voice_en_681560.mp3,"sadly, my dream of becoming a squirrel whisperer may never happen."
./data/CommonVoice2_dataset/clips/common_voice_en_681561.mp3,many telescopes were pointed at it.
./data/CommonVoice2_dataset/clips/common_voice_en_681562.mp3,"looking through the telescope, i saw a circle of deep blue and the little round planet."
./data/CommonVoice2_dataset/clips/common_voice_en_681565.mp3,"after all, what he had always wanted was just that: to know new places."
./data/CommonVoice2_dataset/clips/common_voice_en_681566.mp3,i have the diet of a kid who found twenty dollars.
./data/CommonVoice2_dataset/clips/common_voice_en_681567.mp3,a large portion of the cylinder had been uncovered.
./data/CommonVoice2_dataset/clips/common_voice_en_681568.mp3,none of this ha d made an impression on the boy.
./data/CommonVoice2_dataset/clips/common_voice_en_681569.mp3,that's why i feel that i deserve a part of what you find.
./data/CommonVoice2_dataset/clips/common_voice_en_681570.mp3,because life wants you to achieve your destiny.
./data/CommonVoice2_dataset/clips/common_voice_en_681571.mp3,it was as if the world had fallen silent because the boy's soul had.
./data/CommonVoice2_dataset/clips/common_voice_en_681573.mp3,"for at that time, it had not occurred to him that it might be hollow."
./data/CommonVoice2_dataset/clips/common_voice_en_681574.mp3,the night was warm and i was thirsty.
./data/CommonVoice2_dataset/clips/common_voice_en_681576.mp3,"why the shots stopped after the tenth, no one on earth has tried to explain."
./data/CommonVoice2_dataset/clips/common_voice_en_681577.mp3,its lower end was still embedded.
./data/CommonVoice2_dataset/clips/common_voice_en_681578.mp3,"it's the other foreigner, the englishman."
./data/CommonVoice2_dataset/clips/common_voice_en_681579.mp3,the only things that concerned the sheep were food and water.
./data/CommonVoice2_dataset/clips/common_voice_en_681580.mp3,the boy was getting irritated.
./data/CommonVoice2_dataset/clips/common_voice_en_681581.mp3,and then they want the person to change.
./data/CommonVoice2_dataset/clips/common_voice_en_681582.mp3,"they looked for the fallen mass, but found nothing."
./data/CommonVoice2_dataset/clips/common_voice_en_681584.mp3,you wanna take this outside?
./data/CommonVoice2_dataset/clips/common_voice_en_681585.mp3,"about eleven, i walked back to my home in maybury because nothing seemed to be happening."
./data/CommonVoice2_dataset/clips/common_voice_en_681586.mp3,"""are you crazy?"" the boy asked the alchemist, when they had moved on."
./data/CommonVoice2_dataset/clips/common_voice_en_681587.mp3,others stumbled upon the stone by accident.
./data/CommonVoice2_dataset/clips/common_voice_en_681588.mp3,"at that time, it was quite clear in my own mind that the thing had come from the planet mars."
./data/CommonVoice2_dataset/clips/common_voice_en_681590.mp3,the first rule of don't fight club is let's talk about it.
./data/CommonVoice2_dataset/clips/common_voice_en_681591.mp3,"there were raised voices,and some sort of struggle appeared to be going on. ."
./data/CommonVoice2_dataset/clips/common_voice_en_681592.mp3,"down below in the darkness were hundreds of people, sleeping in peace."
./data/CommonVoice2_dataset/clips/common_voice_en_681594.mp3,he brought six sheep with him.
./data/CommonVoice2_dataset/clips/common_voice_en_681596.mp3,"looking up, he saw a pair of hawks flying high in the sky."
./data/CommonVoice2_dataset/clips/common_voice_en_681597.mp3,"""i'm going away,"" he said."
./data/CommonVoice2_dataset/clips/common_voice_en_681599.mp3,my mind ran on the possibilities of its content.
./data/CommonVoice2_dataset/clips/common_voice_en_681600.mp3,"""he knew what i was thinking,"" the boy said to himself."
./data/CommonVoice2_dataset/clips/common_voice_en_681601.mp3,"relaxed and unhurried, he resolved that he would walk through the narrow streets of tangier."
./data/CommonVoice2_dataset/clips/common_voice_en_681602.mp3,every day was there to be lived or to mark one's departure from this world.
./data/CommonVoice2_dataset/clips/common_voice_en_681603.mp3,he noticed the unequal cooling of its surface.
./data/CommonVoice2_dataset/clips/common_voice_en_681604.mp3,"there were really, i think, two or three hundred people elbowing one another."
./data/CommonVoice2_dataset/clips/common_voice_en_681605.mp3,i read only what the birds wanted to tell me.
./data/CommonVoice2_dataset/clips/common_voice_en_681606.mp3,"he knew how to shear them, and how to slaughter them."
./data/CommonVoice2_dataset/clips/common_voice_en_681608.mp3,"so now, i fear nothing, because it was those omens that brought you to me."
./data/CommonVoice2_dataset/clips/common_voice_en_681609.mp3,"yet, it was a little too large for assurance."
./data/CommonVoice2_dataset/clips/common_voice_en_681610.mp3,i went stretching my legs clumsily and feeling my way in the dark.
./data/CommonVoice2_dataset/clips/common_voice_en_681611.mp3,"""and you've told me nothing along the way,"" said the boy."
./data/CommonVoice2_dataset/clips/common_voice_en_681612.mp3,"i remember how i sat on the table there in the blackness, with patches of green and crimson swimming before my eyes."
./data/CommonVoice2_dataset/clips/common_voice_en_681613.mp3,hires two personal trainers and make one of them train the other one.
./data/CommonVoice2_dataset/clips/common_voice_en_681614.mp3,i locked eyes with a fish in the tank.
./data/CommonVoice2_dataset/clips/common_voice_en_681615.mp3,"they were tribesmen dressed in blue, with black rings surrounding their turbans."
./data/CommonVoice2_dataset/clips/common_voice_en_681616.mp3,"the tribal chieftain called for the boy, and presented him with fifty pieces of gold."
./data/CommonVoice2_dataset/clips/common_voice_en_681617.mp3,did you see the garden that it took the master gardener ten years to create?
./data/CommonVoice2_dataset/clips/common_voice_en_681621.mp3,i myself heard nothing of that.
./data/CommonVoice2_dataset/clips/common_voice_en_681622.mp3,"as i watched, the planet seemed to grow larger and smaller."
./data/CommonVoice2_dataset/clips/common_voice_en_681625.mp3,"""i've never had one before,"" the merchant answered."
./data/CommonVoice2_dataset/clips/common_voice_en_681626.mp3,"since the miner had sacrificed everything to his destiny, the old man decided to become involved."
./data/CommonVoice2_dataset/clips/common_voice_en_681627.mp3,"there was a small building there, with a window at which people bought tickets to africa."
./data/CommonVoice2_dataset/clips/common_voice_en_681628.mp3,he hoped that it would be someone as capable as his previous apprentice.
./data/CommonVoice2_dataset/clips/common_voice_en_681630.mp3,everyone seemed very excited.
./data/CommonVoice2_dataset/clips/common_voice_en_681631.mp3,"the shop folks were taking down their shutters, and people were opening their bedroom windows."
./data/CommonVoice2_dataset/clips/common_voice_en_681632.mp3,"from the railway station in the distance came the sound of trains, ringing and rumbling."
./data/CommonVoice2_dataset/clips/common_voice_en_681633.mp3,he heard a muffled grating sound and saw the black mark jerk forward an inch or so.
./data/CommonVoice2_dataset/clips/common_voice_en_681634.mp3,he suddenly felt tremendously happy.
./data/CommonVoice2_dataset/clips/common_voice_en_681635.mp3,absolutely despicable that gingerbread men are forced to live in houses made of their own flesh.
./data/CommonVoice2_dataset/clips/common_voice_en_681636.mp3,and one or two persons were returning.
./data/CommonVoice2_dataset/clips/common_voice_en_681637.mp3,but maybe people who felt that way had never learned the universal language.
./data/CommonVoice2_dataset/clips/common_voice_en_681638.mp3,most of them were staring quietly at the big table.
./data/CommonVoice2_dataset/clips/common_voice_en_681639.mp3,he quickly pulled his hands away.
./data/CommonVoice2_dataset/clips/common_voice_en_681640.mp3,it was faintly marked with transverse stripes and slightly flattened from the perfect round.
./data/CommonVoice2_dataset/clips/common_voice_en_681641.mp3,he approached the mass and was surprised at the size and the shape.
./data/CommonVoice2_dataset/clips/common_voice_en_681642.mp3,"the vision vanished immediately, but it had shaken him."
./data/CommonVoice2_dataset/clips/common_voice_en_681643.mp3,"""an army is coming,"" the boy said."
./data/CommonVoice2_dataset/clips/common_voice_en_681644.mp3,"it was seen early in the morning, rushing over eastward."
./data/CommonVoice2_dataset/clips/common_voice_en_681645.mp3,i got drunk yesterday and thought i built a super computer.
./data/CommonVoice2_dataset/clips/common_voice_en_681646.mp3,"the next day, he gave his son a pouch that held three ancient spanish gold coins."
./data/CommonVoice2_dataset/clips/common_voice_en_681647.mp3,"""who is this stranger who speaks of omens?"" asked one of the chieftains, eyeing the boy."
./data/CommonVoice2_dataset/clips/common_voice_en_681648.mp3,so his heart was quiet for an entire afternoon.
./data/CommonVoice2_dataset/clips/common_voice_en_681649.mp3,but the crystal merchant had no choice.
./data/CommonVoice2_dataset/clips/common_voice_en_681650.mp3,he just got a new kite for his birthday.
./data/CommonVoice2_dataset/clips/common_voice_en_681651.mp3,the two men hurried back and found the cylinder still lying in the same position.
./data/CommonVoice2_dataset/clips/common_voice_en_681652.mp3,"my wife pointed out to me the brightness of the red, green, and yellow signal lights."
./data/CommonVoice2_dataset/clips/common_voice_en_681653.mp3,they had gone away to breakfast at henderson's house.
./data/CommonVoice2_dataset/clips/common_voice_en_681654.mp3,"you don't have to be rich, skinny, popular, or even own a cape to perform a random act of kindness."
./data/CommonVoice2_dataset/clips/common_voice_en_681656.mp3,henderson was taking it in.
./data/CommonVoice2_dataset/clips/common_voice_en_681657.mp3,"the camel driver was not a fighter, and he had consulted with seers."
./data/CommonVoice2_dataset/clips/common_voice_en_681658.mp3,there was very little talking.
./data/CommonVoice2_dataset/clips/common_voice_en_681659.mp3,but that was simply because my eye was tired.
./data/CommonVoice2_dataset/clips/common_voice_en_681660.mp3,the boy thought about the crystal merchant.
./data/CommonVoice2_dataset/clips/common_voice_en_681661.mp3,"so, he asked if the old man's blessing was still with him."
./data/CommonVoice2_dataset/clips/common_voice_en_681662.mp3,"so the wind blew with all its strength, and the sky was filled with sand."
./data/CommonVoice2_dataset/clips/common_voice_en_681663.mp3,an huge hole had been made by the impact of the projectile.
./data/CommonVoice2_dataset/clips/common_voice_en_681664.mp3,"sometimes, their caravan met with another."
./data/CommonVoice2_dataset/clips/common_voice_en_681666.mp3,"at once, he connected the two incidents."
./data/CommonVoice2_dataset/clips/common_voice_en_681667.mp3,"when i returned to the common, the sun was setting."
./data/CommonVoice2_dataset/clips/common_voice_en_681668.mp3,"in spite of this, i still believed that there were men in mars."
./data/CommonVoice2_dataset/clips/common_voice_en_681669.mp3,"i need you to be spontaneous. he asked me out to ""din din."""
./data/CommonVoice2_dataset/clips/common_voice_en_681670.mp3,the time must have been somewhere around six o'clock.
./data/CommonVoice2_dataset/clips/common_voice_en_681671.mp3,"he was excited, and at the same time uneasy: maybe the girl had already forgotten him."
./data/CommonVoice2_dataset/clips/common_voice_en_681672.mp3,"curse the moment i met that old man, he thought."
./data/CommonVoice2_dataset/clips/common_voice_en_18447163.mp3,it turned out the millennium bug was not a thing.
./data/CommonVoice2_dataset/clips/common_voice_en_18447164.mp3,but is it a kind heart?
./data/CommonVoice2_dataset/clips/common_voice_en_18447165.mp3,"he was indicating left, but he turned in the opposite direction."
./data/CommonVoice2_dataset/clips/common_voice_en_18447166.mp3,my study is crammed full of books.
./data/CommonVoice2_dataset/clips/common_voice_en_18447167.mp3,"if you can afford it, take a taxi rather than a bus"
./data/CommonVoice2_dataset/clips/common_voice_en_18447187.mp3,don't you dare presume to demand anything of me!
./data/CommonVoice2_dataset/clips/common_voice_en_18447190.mp3,already he had sidled some six feet.
./data/CommonVoice2_dataset/clips/common_voice_en_18447191.mp3,they never did that when i visited.
./data/CommonVoice2_dataset/clips/common_voice_en_18447192.mp3,i'm really not able to choose between them.
./data/CommonVoice2_dataset/clips/common_voice_en_18447213.mp3,her writing betrays her warped sense of priorities.
./data/CommonVoice2_dataset/clips/common_voice_en_18447214.mp3,the mouse only growled in reply.
./data/CommonVoice2_dataset/clips/common_voice_en_18447215.mp3,i had another whack at it.
./data/CommonVoice2_dataset/clips/common_voice_en_18447217.mp3,suppose they make faces at me.
./data/CommonVoice2_dataset/clips/common_voice_en_18447233.mp3,"i suppose, as a matter of fact, jeeves suggested it."
./data/CommonVoice2_dataset/clips/common_voice_en_18447234.mp3,it's no good threatening me. i can prove it!
./data/CommonVoice2_dataset/clips/common_voice_en_18447235.mp3,the new law prohibits smoking in public transportation systems.
./data/CommonVoice2_dataset/clips/common_voice_en_18447237.mp3,a mere ordinary tribute of respect to a great artist.
./data/CommonVoice2_dataset/clips/common_voice_en_18447263.mp3,my attorney didn't recommend that i take a licence under the patent.
./data/CommonVoice2_dataset/clips/common_voice_en_18447264.mp3,she was a schoolmistress in her younger days.
./data/CommonVoice2_dataset/clips/common_voice_en_18447265.mp3,thirty-two turkish tourists took a trip to a turkey farm.
./data/CommonVoice2_dataset/clips/common_voice_en_18447267.mp3,she was the only female surgeon that i knew.
./data/CommonVoice2_dataset/clips/common_voice_en_18447273.mp3,he tried to persuade her with a rather artificial argument
./data/CommonVoice2_dataset/clips/common_voice_en_18447274.mp3,but the bearded bloke had shot his bolt.
./data/CommonVoice2_dataset/clips/common_voice_en_18447275.mp3,i was shocked.
./data/CommonVoice2_dataset/clips/common_voice_en_18447276.mp3,the air in the hut was close and oppressive.
./data/CommonVoice2_dataset/clips/common_voice_en_18447283.mp3,the messiah is handel's most popular choral work
./data/CommonVoice2_dataset/clips/common_voice_en_18447284.mp3,at a moment like that?
./data/CommonVoice2_dataset/clips/common_voice_en_18447286.mp3,i think i might have gotten a bit bored on that project.
./data/CommonVoice2_dataset/clips/common_voice_en_18447298.mp3,a twiglet is a small twig.
./data/CommonVoice2_dataset/clips/common_voice_en_18447301.mp3,she was coughing and spluttering all the way through the concert.
./data/CommonVoice2_dataset/clips/common_voice_en_18447302.mp3,the cat harassed the pygmy vole.
./data/CommonVoice2_dataset/clips/common_voice_en_18447309.mp3,have a good trip back.
./data/CommonVoice2_dataset/clips/common_voice_en_18447310.mp3,"ah, there you have me."
./data/CommonVoice2_dataset/clips/common_voice_en_18447311.mp3,i never had.
./data/CommonVoice2_dataset/clips/common_voice_en_18447312.mp3,"besides, had he not whipped the big owl in the forest."
./data/CommonVoice2_dataset/clips/common_voice_en_18447328.mp3,the railway tracks were held together with sleepers
./data/CommonVoice2_dataset/clips/common_voice_en_18447329.mp3,you can get reasonable at the basics in a few hours.
./data/CommonVoice2_dataset/clips/common_voice_en_18447331.mp3,his eyes were smouldering with a dull fire.
./data/CommonVoice2_dataset/clips/common_voice_en_18447332.mp3,talk about the day i met her.
./data/CommonVoice2_dataset/clips/common_voice_en_18447355.mp3,"we're late! according to the timetable, the lecture started at nine o'clock"
./data/CommonVoice2_dataset/clips/common_voice_en_18447356.mp3,i seem to remember just wearing a t-shirt and jeans.
./data/CommonVoice2_dataset/clips/common_voice_en_18447357.mp3,i feel i should at least get some use out of it.
./data/CommonVoice2_dataset/clips/common_voice_en_18447374.mp3,he was accused of plagiarism.
./data/CommonVoice2_dataset/clips/common_voice_en_18447376.mp3,her presentation was fantastic!
./data/CommonVoice2_dataset/clips/common_voice_en_18447377.mp3,what colour is your parachute?
./data/CommonVoice2_dataset/clips/common_voice_en_18447413.mp3,the whole thing is off.
./data/CommonVoice2_dataset/clips/common_voice_en_18447414.mp3,that's one of the more alarmist sci-fi forecasts.
./data/CommonVoice2_dataset/clips/common_voice_en_18447415.mp3,why can't you get it?
./data/CommonVoice2_dataset/clips/common_voice_en_18447417.mp3,i'll meet you in the reception area.
./data/CommonVoice2_dataset/clips/common_voice_en_18485146.mp3,"after a heavy night, she slept in."
./data/CommonVoice2_dataset/clips/common_voice_en_18485147.mp3,remembering is more satisfying than forgetting.
./data/CommonVoice2_dataset/clips/common_voice_en_18485149.mp3,but let this not blind you to what virtue there is
./data/CommonVoice2_dataset/clips/common_voice_en_18485151.mp3,"it only needed aunt dahlia after them, shouting ""yoicks!"""
./data/CommonVoice2_dataset/clips/common_voice_en_18485152.mp3,what restaurants are in this area?
./data/CommonVoice2_dataset/clips/common_voice_en_18485153.mp3,as you were!
./data/CommonVoice2_dataset/clips/common_voice_en_18485154.mp3,the same noise.
./data/CommonVoice2_dataset/clips/common_voice_en_18485161.mp3,"this made me a bit dubious, i must confess."
./data/CommonVoice2_dataset/clips/common_voice_en_18485162.mp3,be careful to avoid all the pitfalls.
./data/CommonVoice2_dataset/clips/common_voice_en_18485164.mp3,jack especially enjoyed mountaineering.
./data/CommonVoice2_dataset/clips/common_voice_en_18485166.mp3,i tell you i despise that man.
./data/CommonVoice2_dataset/clips/common_voice_en_18485171.mp3,it's an unalienable right.
./data/CommonVoice2_dataset/clips/common_voice_en_18485174.mp3,what's bugging you?
./data/CommonVoice2_dataset/clips/common_voice_en_18485175.mp3,i could see that this had moved him.
./data/CommonVoice2_dataset/clips/common_voice_en_18485178.mp3,"after graduating from college, she became a world champion."
./data/CommonVoice2_dataset/clips/common_voice_en_18485192.mp3,i exported the model in json format.
./data/CommonVoice2_dataset/clips/common_voice_en_18485193.mp3,last night i dreamt that we had painted the living room.
./data/CommonVoice2_dataset/clips/common_voice_en_18485195.mp3,i'm going to the market after school.
./data/CommonVoice2_dataset/clips/common_voice_en_18485201.mp3,help! it's the beast from the deep.
./data/CommonVoice2_dataset/clips/common_voice_en_18485206.mp3,her polo neck jumper is very stylish
./data/CommonVoice2_dataset/clips/common_voice_en_18485216.mp3,you say the race is not always to the swift.
./data/CommonVoice2_dataset/clips/common_voice_en_18485217.mp3,these were merely stout sticks an inch or so in diameter.
./data/CommonVoice2_dataset/clips/common_voice_en_18485218.mp3,you could go for a brisk walk up constitution hill or something.
./data/CommonVoice2_dataset/clips/common_voice_en_18485219.mp3,the counterfeiter was caught at the corner of river road and thirtieth street.
./data/CommonVoice2_dataset/clips/common_voice_en_18485220.mp3,this is my favorite song!
./data/CommonVoice2_dataset/clips/common_voice_en_18485232.mp3,"she finished early that day, and decided to go to the spa."
./data/CommonVoice2_dataset/clips/common_voice_en_18485246.mp3,"these jeans are too long, and need to be shortened."
./data/CommonVoice2_dataset/clips/common_voice_en_18485247.mp3,"they were artists, not biologists."
./data/CommonVoice2_dataset/clips/common_voice_en_18485248.mp3,"he was trying his hardest, but kept forgetting things."
./data/CommonVoice2_dataset/clips/common_voice_en_18485249.mp3,it isn't a question of saying 'boo' to a goose.
./data/CommonVoice2_dataset/clips/common_voice_en_18485250.mp3,i can recommend the soup.
./data/CommonVoice2_dataset/clips/common_voice_en_18485251.mp3,the hallelujah chorus from handel's messiah.
./data/CommonVoice2_dataset/clips/common_voice_en_18485255.mp3,we'll have to walk faster if we are to get there in time.
./data/CommonVoice2_dataset/clips/common_voice_en_18485261.mp3,work hard to unleash your full potential.
./data/CommonVoice2_dataset/clips/common_voice_en_18485262.mp3,"before you go, there is a question i wish to ask you."
./data/CommonVoice2_dataset/clips/common_voice_en_18485263.mp3,i passed away and left them to it.
./data/CommonVoice2_dataset/clips/common_voice_en_18485265.mp3,where were you?
./data/CommonVoice2_dataset/clips/common_voice_en_18485272.mp3,the adulation of the multitude means very little to one.
./data/CommonVoice2_dataset/clips/common_voice_en_18485274.mp3,i really feared that she was going to shoot me.
./data/CommonVoice2_dataset/clips/common_voice_en_18485284.mp3,i don't know what his number is: he's ex-directory
./data/CommonVoice2_dataset/clips/common_voice_en_18684016.mp3,people have been living on looe island since the iron age.
./data/CommonVoice2_dataset/clips/common_voice_en_18684017.mp3,an allegedly 'haunted' phone box once stood opposite the hendy ford car showroom.
./data/CommonVoice2_dataset/clips/common_voice_en_18684018.mp3,this is the first time the greens have won a seat in south australia.
./data/CommonVoice2_dataset/clips/common_voice_en_18684019.mp3,hajime kanzaka
./data/CommonVoice2_dataset/clips/common_voice_en_18684020.mp3,the game has various endings depending on what actions the player takes.
./data/CommonVoice2_dataset/clips/common_voice_en_18684031.mp3,jack was drafted to do his duty in korea for ten months.
./data/CommonVoice2_dataset/clips/common_voice_en_18684032.mp3,the name monona is of american indian origin.
./data/CommonVoice2_dataset/clips/common_voice_en_18684033.mp3,"over the next four decades, its mission was broadened beyond teacher training."
./data/CommonVoice2_dataset/clips/common_voice_en_18684034.mp3,"this depolarizes a large amount of the heart muscle, ending the dysrhythmia."
./data/CommonVoice2_dataset/clips/common_voice_en_18684035.mp3,experts called the conference a successful step in promoting party-directed change from above.
./data/CommonVoice2_dataset/clips/common_voice_en_18684046.mp3,a recording of the shot has gained upwards of two million views on youtube.
./data/CommonVoice2_dataset/clips/common_voice_en_18684047.mp3,"as such, ""pilpul"" has sometimes been derogatorily called ""bilbul"", hebrew for ""confusion""."
./data/CommonVoice2_dataset/clips/common_voice_en_18684048.mp3,all his valuable books and manuscripts were bequeathed to the university.
./data/CommonVoice2_dataset/clips/common_voice_en_18684062.mp3,pack animals may be fitted with pack saddles and may also carry saddlebags.
./data/CommonVoice2_dataset/clips/common_voice_en_18684063.mp3,the foliage and fruits contain tannic acid and are poisonous to cattle and humans.
./data/CommonVoice2_dataset/clips/common_voice_en_18684064.mp3,"this is not traditional in bavaria, and is generally frowned upon there."
./data/CommonVoice2_dataset/clips/common_voice_en_18684065.mp3,the entire route is elevated on a viaduct.
./data/CommonVoice2_dataset/clips/common_voice_en_18684071.mp3,"however, his interests are broader."
./data/CommonVoice2_dataset/clips/common_voice_en_18684072.mp3,"before its release in theatres, the film was booed at the cannes film festival."
./data/CommonVoice2_dataset/clips/common_voice_en_18684073.mp3,"the movie"" as the main antagonist, tiffany."
./data/CommonVoice2_dataset/clips/common_voice_en_18684074.mp3,greeks use the word similarly.
./data/CommonVoice2_dataset/clips/common_voice_en_18684075.mp3,included in the renovation was a new mediterranean revival-style clubhouse.
